,AC-like,Endothelial,MES-like,Mono,Mural cell,NPC-like,OPC-like,TAM-BDM,TAM-MG
Spotx1,0,0,1,0,1,0,0,0,0
Spotx2,1,1,0,0,1,0,1,0,0
Spotx3,1,0,1,1,0,0,0,0,0
Spotx4,1,0,1,0,1,1,0,0,1
Spotx5,0,0,0,0,0,1,0,1,1
Spotx6,0,0,1,0,0,1,0,1,0
Spotx7,0,1,0,1,1,1,1,1,1
Spotx8,0,0,0,0,1,0,0,1,1
Spotx9,0,1,1,1,1,1,0,0,1
Spotx10,0,1,0,0,0,0,1,1,0
Spotx11,0,0,0,0,0,0,1,0,1
Spotx12,1,0,1,0,0,0,0,0,1
Spotx13,0,0,0,1,0,0,1,1,0
Spotx14,1,0,0,1,1,1,1,0,0
Spotx15,1,1,0,1,0,0,1,0,0
Spotx16,0,1,0,0,0,1,0,1,1
Spotx17,0,0,1,0,0,0,0,0,0
Spotx18,1,1,1,1,0,1,1,0,1
Spotx19,1,1,1,1,0,1,1,0,0
Spotx20,0,0,0,0,0,0,0,1,0
Spotx21,0,1,0,0,0,0,0,0,0
Spotx22,1,1,0,0,1,1,0,0,1
Spotx23,0,1,0,1,0,0,0,0,0
Spotx24,1,1,0,0,0,0,1,1,0
Spotx25,0,0,0,0,0,0,1,0,1
Spotx26,1,1,0,0,1,1,0,0,1
Spotx27,1,0,0,0,0,0,0,0,1
Spotx28,0,0,1,0,0,0,0,1,1
Spotx29,0,1,1,0,0,1,0,0,0
Spotx30,0,1,1,1,1,1,0,0,1
Spotx31,0,0,0,0,0,0,0,1,1
Spotx32,1,0,1,1,1,0,0,0,0
Spotx33,0,1,0,1,1,0,1,0,1
Spotx34,0,0,0,0,1,0,0,1,0
Spotx35,0,0,1,0,0,0,1,0,1
Spotx36,1,1,1,0,1,1,1,0,0
Spotx37,0,1,1,1,0,0,0,1,1
Spotx38,1,1,1,0,1,1,0,1,1
Spotx39,1,1,1,1,1,1,1,1,0
Spotx40,1,1,1,0,0,0,0,1,0
Spotx41,1,1,0,0,0,0,0,0,0
Spotx42,1,1,1,0,1,1,0,0,1
Spotx43,1,1,1,1,1,0,1,1,1
Spotx44,1,0,0,0,1,0,0,1,0
Spotx45,1,0,0,1,0,0,1,1,0
Spotx46,0,0,1,0,0,0,1,1,1
Spotx47,1,0,0,1,0,0,1,1,0
Spotx48,1,0,0,1,0,1,0,0,0
Spotx49,1,0,1,1,0,0,0,0,0
Spotx50,1,0,0,0,0,0,1,0,1
Spotx51,0,0,0,0,0,0,1,1,0
Spotx52,0,0,1,0,0,0,0,0,0
Spotx53,1,0,1,1,1,0,1,1,1
Spotx54,0,0,1,0,0,1,0,0,1
Spotx55,1,0,0,1,0,0,1,0,0
Spotx56,0,0,1,1,1,0,0,0,0
Spotx57,1,1,0,1,1,1,1,0,1
Spotx58,0,1,1,0,0,1,1,0,1
Spotx59,0,1,1,0,1,1,0,1,0
Spotx60,0,0,1,0,1,1,0,0,1
Spotx61,0,1,1,1,0,1,0,1,1
Spotx62,0,0,0,1,0,1,0,0,0
Spotx63,1,1,0,1,1,1,1,1,1
Spotx64,0,1,1,1,1,0,1,0,0
Spotx65,0,0,1,0,1,1,0,1,1
Spotx66,0,0,0,0,0,0,0,1,0
Spotx67,0,0,0,0,0,0,0,1,0
Spotx68,0,0,1,0,0,0,0,1,1
Spotx69,1,0,0,1,1,0,0,1,1
Spotx70,0,0,0,1,0,0,1,0,0
Spotx71,0,0,0,0,0,1,1,0,1
Spotx72,1,0,0,1,0,0,0,0,1
Spotx73,1,1,0,0,0,1,0,1,1
Spotx74,1,1,0,0,1,0,1,1,1
Spotx75,0,1,1,1,1,0,1,0,1
Spotx76,1,0,0,1,0,0,0,0,0
Spotx77,0,1,0,0,1,0,0,1,1
Spotx78,1,1,0,1,0,1,0,1,0
Spotx79,0,0,1,0,0,0,0,0,0
Spotx80,0,0,1,0,0,0,0,0,1
Spotx81,1,0,1,0,0,1,0,1,0
Spotx82,0,0,1,0,0,1,1,1,1
Spotx83,1,0,0,0,0,1,0,0,1
Spotx84,0,1,0,1,0,1,0,1,1
Spotx85,0,0,0,1,1,0,0,0,0
Spotx86,1,1,0,0,1,0,1,0,1
Spotx87,0,1,1,1,1,0,1,0,0
Spotx88,1,0,1,0,0,0,1,1,0
Spotx89,1,0,0,0,0,0,0,0,0
Spotx90,0,0,0,0,1,0,1,0,0
Spotx91,1,1,1,1,0,0,1,1,0
Spotx92,1,0,0,1,0,1,0,0,1
Spotx93,1,1,0,1,0,1,1,1,0
Spotx94,1,1,0,0,1,1,0,0,0
Spotx95,1,0,1,1,1,0,1,0,1
Spotx96,1,0,1,0,1,1,0,0,0
Spotx97,0,0,0,0,0,0,0,0,1
Spotx98,0,1,0,0,0,1,0,1,0
Spotx99,0,1,0,0,1,0,0,1,0
Spotx100,1,1,0,0,0,1,0,0,1
Spotx101,1,0,1,1,0,0,0,0,0
Spotx102,1,0,1,1,1,1,1,1,0
Spotx103,1,0,0,0,0,0,0,0,0
Spotx104,1,1,0,1,1,0,1,0,0
Spotx105,1,0,0,0,1,0,0,1,0
Spotx106,1,0,0,1,0,0,0,0,0
Spotx107,0,0,0,1,0,0,0,1,0
Spotx108,1,1,0,0,0,0,1,0,1
Spotx109,0,1,0,1,0,1,0,1,0
Spotx110,0,0,1,0,1,0,0,1,1
Spotx111,1,0,0,1,1,0,1,1,0
Spotx112,0,1,0,0,0,1,0,1,1
Spotx113,0,0,0,0,0,1,1,1,1
Spotx114,0,0,0,0,0,0,1,1,1
Spotx115,0,0,0,0,1,1,1,0,1
Spotx116,0,1,0,0,1,1,0,1,0
Spotx117,0,0,0,1,0,0,1,1,0
Spotx118,0,0,1,0,1,0,0,0,0
Spotx119,1,0,1,1,1,0,0,1,1
Spotx120,1,1,0,0,0,0,0,0,1
Spotx121,0,1,0,0,0,0,0,1,0
Spotx122,0,1,0,1,1,0,1,1,1
Spotx123,0,0,0,0,0,1,0,0,0
Spotx124,1,0,1,1,1,1,1,0,0
Spotx125,0,0,1,0,0,0,1,1,0
Spotx126,0,0,0,1,0,1,0,0,0
Spotx127,0,1,1,0,0,1,1,1,1
Spotx128,1,0,0,0,0,0,0,1,0
Spotx129,1,0,0,0,0,0,0,0,1
Spotx130,1,0,0,0,0,0,0,0,0
Spotx131,1,1,0,0,1,0,1,1,0
Spotx132,0,0,0,0,0,1,0,1,0
Spotx133,0,0,0,1,0,1,0,1,0
Spotx134,1,1,0,0,1,0,0,0,0
Spotx135,0,1,1,0,1,0,1,0,1
Spotx136,1,0,0,0,0,0,1,1,1
Spotx137,0,0,0,0,0,0,0,0,1
Spotx138,1,0,0,0,0,0,1,1,1
Spotx139,1,0,0,1,0,1,1,0,1
Spotx140,0,1,1,1,0,1,1,0,0
Spotx141,1,0,1,0,0,0,1,0,1
Spotx142,0,1,1,0,0,1,0,1,0
Spotx143,1,0,1,0,0,1,1,1,1
Spotx144,0,0,0,1,0,0,0,1,0
Spotx145,1,0,0,0,0,0,0,0,1
Spotx146,1,1,0,0,0,0,0,1,1
Spotx147,1,1,1,0,1,1,0,1,1
Spotx148,0,1,0,1,1,0,0,1,0
Spotx149,0,0,0,1,0,0,0,1,0
Spotx150,0,0,0,1,1,0,0,0,1
Spotx151,1,0,0,0,0,0,0,1,0
Spotx152,0,1,0,0,1,0,1,0,0
Spotx153,1,1,0,0,1,0,0,0,1
Spotx154,0,1,0,0,0,1,0,0,0
Spotx155,0,0,0,0,1,0,1,1,0
Spotx156,0,1,1,0,1,0,1,1,1
Spotx157,1,1,1,0,0,0,0,0,1
Spotx158,1,0,1,0,0,0,0,0,0
Spotx159,0,1,1,0,1,1,0,1,0
Spotx160,1,1,0,1,1,1,1,0,0
Spotx161,1,0,0,0,1,1,0,0,1
Spotx162,0,0,0,1,1,0,0,1,0
Spotx163,1,0,0,0,0,0,1,0,1
Spotx164,0,1,1,1,1,1,0,1,0
Spotx165,0,0,1,0,1,0,0,0,0
Spotx166,0,1,1,0,1,0,0,1,1
Spotx167,0,0,0,1,0,1,0,0,1
Spotx168,0,0,0,0,0,1,0,1,0
Spotx169,0,0,1,1,1,1,1,0,1
Spotx170,1,1,0,0,0,0,1,1,0
Spotx171,0,0,0,0,0,0,1,0,0
Spotx172,0,0,0,1,0,1,0,1,1
Spotx173,0,1,0,1,1,0,1,0,1
Spotx174,0,1,1,0,0,0,0,0,0
Spotx175,1,0,1,0,0,0,0,1,0
Spotx176,0,0,1,1,0,0,0,0,1
Spotx177,1,1,0,0,1,0,1,0,0
Spotx178,1,0,0,0,1,0,0,1,1
Spotx179,0,0,1,1,0,1,0,0,1
Spotx180,1,0,1,0,0,1,1,1,1
Spotx181,0,0,0,0,0,1,1,1,1
Spotx182,1,0,0,0,0,0,0,1,1
Spotx183,0,1,1,0,1,1,0,0,0
Spotx184,0,0,0,0,0,1,1,1,0
Spotx185,1,0,0,1,1,1,1,1,0
Spotx186,0,1,0,1,1,1,0,0,0
Spotx187,0,0,1,1,1,0,0,0,0
Spotx188,1,0,0,1,0,0,0,0,0
Spotx189,0,0,0,1,0,0,0,1,1
Spotx190,0,0,1,0,0,0,0,0,1
Spotx191,0,1,0,1,0,0,0,0,1
Spotx192,0,1,0,0,1,0,0,1,0
Spotx193,0,1,0,1,0,1,0,1,1
Spotx194,1,0,0,0,0,0,0,0,0
Spotx195,0,0,0,0,0,0,0,0,1
Spotx196,1,1,0,1,0,0,1,1,1
Spotx197,1,1,1,0,0,1,0,0,0
Spotx198,0,0,0,0,0,0,1,1,0
Spotx199,0,1,0,0,0,0,0,0,1
Spotx200,1,1,1,0,0,0,1,1,1
Spotx201,0,0,0,0,0,0,0,0,1
Spotx202,0,0,0,0,1,0,1,1,0
Spotx203,0,1,0,0,0,1,0,0,0
Spotx204,1,1,1,1,0,1,0,0,0
Spotx205,0,0,0,0,0,0,0,1,0
Spotx206,0,0,1,0,1,0,0,0,1
Spotx207,1,0,0,0,0,0,0,0,0
Spotx208,0,0,0,0,1,0,1,1,1
Spotx209,0,1,1,0,1,0,0,0,1
Spotx210,0,1,0,0,1,0,1,1,1
Spotx211,1,1,1,1,1,0,0,0,1
Spotx212,0,1,0,1,1,1,1,1,1
Spotx213,0,1,1,1,0,0,0,0,0
Spotx214,1,0,1,0,0,0,0,0,0
Spotx215,0,1,0,0,0,1,0,0,0
Spotx216,0,0,0,1,0,0,0,1,1
Spotx217,1,0,0,1,1,0,1,1,1
Spotx218,1,0,0,0,0,1,1,0,0
Spotx219,0,0,0,0,0,0,0,1,1
Spotx220,0,0,0,0,0,0,0,1,0
Spotx221,0,1,0,0,0,0,0,0,1
Spotx222,0,0,0,0,0,0,0,1,0
Spotx223,0,1,0,0,0,0,0,0,0
Spotx224,0,0,0,0,1,1,1,0,0
Spotx225,0,0,0,0,0,0,0,0,1
Spotx226,0,0,0,0,0,1,0,0,1
Spotx227,0,1,0,0,1,0,0,1,1
Spotx228,0,0,1,1,0,0,0,0,1
Spotx229,0,0,0,1,0,0,0,1,0
Spotx230,0,1,0,0,1,0,0,1,1
Spotx231,1,0,0,0,0,0,1,0,0
Spotx232,1,1,1,0,1,1,1,0,0
Spotx233,0,0,1,0,0,0,1,0,1
Spotx234,0,0,0,0,1,1,0,0,0
Spotx235,1,0,1,0,0,0,0,0,0
Spotx236,0,0,1,0,1,0,1,0,0
Spotx237,0,1,1,1,1,0,1,1,0
Spotx238,0,1,1,0,1,1,0,0,0
Spotx239,1,1,0,0,0,0,1,0,0
Spotx240,0,0,0,0,1,0,0,0,1
Spotx241,0,1,0,1,0,0,0,0,0
Spotx242,1,1,0,0,0,1,0,0,0
Spotx243,0,1,1,0,1,0,0,1,0
Spotx244,0,1,0,0,1,1,1,1,0
Spotx245,0,0,1,0,0,1,1,0,0
Spotx246,1,1,0,0,0,0,1,1,0
Spotx247,0,0,0,1,1,1,0,0,0
Spotx248,0,0,0,0,0,0,1,1,1
Spotx249,1,0,0,0,0,1,0,0,0
Spotx250,0,0,1,1,0,1,0,0,0
Spotx251,1,0,0,0,0,0,1,1,0
Spotx252,0,0,0,0,0,1,0,0,0
Spotx253,1,1,0,1,1,1,0,0,0
Spotx254,0,1,0,0,0,1,0,0,1
Spotx255,0,0,0,0,0,0,0,0,1
Spotx256,0,1,1,0,0,1,0,1,1
Spotx257,0,1,0,0,1,0,0,0,0
Spotx258,1,0,0,1,1,1,1,0,1
Spotx259,0,0,0,0,1,1,1,0,0
Spotx260,0,0,0,1,0,1,1,0,0
Spotx261,1,0,1,1,1,1,0,1,0
Spotx262,0,1,1,0,1,1,1,0,1
Spotx263,0,1,0,0,0,1,0,0,0
Spotx264,1,0,1,0,0,0,1,1,1
Spotx265,0,1,0,1,0,0,0,1,1
Spotx266,1,0,0,0,0,1,1,1,1
Spotx267,0,0,0,0,0,1,0,0,0
Spotx268,0,1,1,1,0,0,0,1,0
Spotx269,0,0,0,1,0,0,0,1,0
Spotx270,1,0,0,0,1,1,0,0,1
Spotx271,1,1,0,0,1,1,1,1,1
Spotx272,0,1,1,0,0,0,0,0,1
Spotx273,0,1,1,0,1,0,0,1,0
Spotx274,0,1,0,0,0,1,0,0,0
Spotx275,0,1,1,0,0,0,0,0,1
Spotx276,1,1,1,0,0,1,1,1,0
Spotx277,1,0,1,1,1,1,0,0,0
Spotx278,1,0,1,1,1,0,0,1,0
Spotx279,0,1,1,0,1,1,0,1,1
Spotx280,1,0,0,1,0,1,0,0,1
Spotx281,1,0,1,0,1,1,1,0,0
Spotx282,1,1,1,0,1,1,0,1,0
Spotx283,0,0,1,0,0,0,0,1,0
Spotx284,1,1,0,0,0,1,0,0,0
Spotx285,1,0,0,0,0,1,0,0,0
Spotx286,0,1,1,1,0,1,0,0,1
Spotx287,1,0,0,1,1,0,0,0,1
Spotx288,1,1,0,1,1,1,1,0,0
Spotx289,1,1,1,0,0,1,0,1,0
Spotx290,1,0,0,0,0,0,1,1,0
Spotx291,0,0,1,0,1,0,1,1,0
Spotx292,0,0,1,1,0,1,0,1,1
Spotx293,1,1,0,1,1,1,0,1,1
Spotx294,0,1,0,0,0,1,0,0,0
Spotx295,0,1,1,0,0,1,1,0,0
Spotx296,0,0,1,1,1,0,0,0,0
Spotx297,1,0,0,0,1,1,0,1,0
Spotx298,0,1,1,0,0,0,1,1,0
Spotx299,1,1,1,0,1,1,0,0,0
Spotx300,0,0,0,1,0,0,1,1,0
Spotx301,1,1,0,1,1,0,1,0,0
Spotx302,0,0,1,0,0,1,0,0,1
Spotx303,1,0,0,1,1,1,0,0,0
Spotx304,1,0,1,0,0,1,0,1,0
Spotx305,0,0,0,0,0,0,0,0,1
Spotx306,0,0,1,0,0,0,0,1,1
Spotx307,1,1,0,1,1,0,0,1,1
Spotx308,1,1,1,1,1,1,1,1,0
Spotx309,1,1,0,0,1,1,0,1,1
Spotx310,1,0,1,0,1,1,1,1,1
Spotx311,0,0,0,0,0,1,0,0,1
Spotx312,1,0,1,1,0,1,1,0,1
Spotx313,0,0,1,0,0,0,0,1,0
Spotx314,1,0,1,0,0,0,0,1,1
Spotx315,0,0,0,0,1,0,0,1,1
Spotx316,0,0,0,0,1,0,1,0,0
Spotx317,0,1,0,0,0,0,0,1,0
Spotx318,1,0,1,1,1,0,0,0,1
Spotx319,0,0,0,1,1,0,1,0,0
Spotx320,1,0,1,1,0,1,1,1,1
Spotx321,0,1,0,1,0,1,1,0,1
Spotx322,0,1,0,1,0,1,0,1,1
Spotx323,0,1,0,0,1,0,1,1,1
Spotx324,1,0,0,0,0,0,1,0,1
Spotx325,0,0,1,0,1,0,1,1,1
Spotx326,0,1,1,0,1,0,1,0,0
Spotx327,0,0,1,0,0,1,0,0,0
Spotx328,0,1,0,1,1,1,1,1,1
Spotx329,0,0,1,1,0,1,0,0,0
Spotx330,0,0,0,0,0,0,0,1,0
Spotx331,0,1,1,1,0,1,1,0,0
Spotx332,1,0,1,1,1,0,0,0,0
Spotx333,0,0,1,0,1,0,1,0,0
Spotx334,0,1,1,0,0,1,0,1,1
Spotx335,0,0,1,1,0,1,0,1,0
Spotx336,1,1,1,1,0,1,0,1,1
Spotx337,1,1,0,1,0,1,1,0,1
Spotx338,0,0,1,0,0,1,1,0,0
Spotx339,1,0,1,1,0,1,1,0,0
Spotx340,0,0,1,1,0,0,0,0,0
Spotx341,1,1,1,0,0,1,1,0,1
Spotx342,0,1,0,1,0,0,0,0,0
Spotx343,1,1,1,0,0,0,0,1,0
Spotx344,0,0,1,0,0,0,0,0,1
Spotx345,0,1,0,1,0,1,0,0,0
Spotx346,0,0,1,1,0,1,1,0,1
Spotx347,0,1,0,0,0,1,1,1,0
Spotx348,0,1,1,0,0,1,0,1,0
Spotx349,1,0,1,0,0,1,1,0,1
Spotx350,0,0,0,0,0,1,1,1,1
Spotx351,0,0,1,0,1,1,1,0,0
Spotx352,0,1,0,0,1,0,1,0,0
Spotx353,1,0,0,1,0,1,0,0,1
Spotx354,0,0,0,1,1,0,0,0,0
Spotx355,1,1,0,1,0,0,1,0,0
Spotx356,0,1,0,0,1,0,0,1,0
Spotx357,1,0,0,1,1,0,0,0,1
Spotx358,0,1,1,0,0,1,1,0,1
Spotx359,0,1,0,1,1,0,0,0,1
Spotx360,0,0,0,1,0,0,0,0,0
Spotx361,1,0,0,1,0,0,1,1,1
Spotx362,0,1,1,1,1,0,1,1,1
Spotx363,0,1,1,0,1,1,1,0,1
Spotx364,1,1,0,1,0,1,0,0,0
Spotx365,0,0,0,0,1,0,0,0,0
Spotx366,0,0,1,1,0,0,0,0,0
Spotx367,0,1,0,0,0,0,0,1,0
Spotx368,1,0,1,1,1,1,1,1,0
Spotx369,1,0,1,0,1,1,1,1,1
Spotx370,0,1,1,1,1,1,0,0,1
Spotx371,0,0,0,0,0,1,0,1,0
Spotx372,1,1,0,0,0,1,0,0,0
Spotx373,1,0,1,0,1,0,0,1,0
Spotx374,1,1,0,1,1,1,0,0,0
Spotx375,0,0,0,0,1,1,0,1,0
Spotx376,1,0,0,0,0,0,1,0,0
Spotx377,1,0,1,0,0,0,0,0,0
Spotx378,1,0,0,1,0,0,0,0,0
Spotx379,0,0,0,0,1,1,0,0,0
Spotx380,0,0,0,1,1,1,1,1,1
Spotx381,1,0,1,1,0,1,1,0,1
Spotx382,0,1,0,0,0,1,0,0,0
Spotx383,1,1,0,1,1,1,1,1,1
Spotx384,0,1,0,1,1,0,0,0,0
Spotx385,0,0,0,1,0,1,1,0,1
Spotx386,0,1,1,1,1,0,1,1,0
Spotx387,1,1,0,1,1,1,0,1,1
Spotx388,0,0,0,0,1,1,0,0,1
Spotx389,1,1,1,1,1,0,0,1,0
Spotx390,1,1,1,0,1,0,0,1,0
Spotx391,0,0,1,1,0,0,0,1,0
Spotx392,0,0,1,0,0,0,0,0,0
Spotx393,1,1,0,0,1,0,1,1,0
Spotx394,1,0,1,1,0,1,0,0,0
Spotx395,1,1,0,1,1,0,0,0,0
Spotx396,0,1,1,0,0,1,0,0,0
Spotx397,0,1,1,1,1,1,1,0,0
Spotx398,0,0,0,0,0,0,0,0,1
Spotx399,1,0,1,1,1,1,0,0,1
Spotx400,0,1,0,0,0,0,0,0,0
Spotx401,0,1,0,0,0,1,0,0,0
Spotx402,0,0,0,1,0,1,0,1,0
Spotx403,1,0,0,0,0,0,0,0,1
Spotx404,0,1,1,0,1,0,0,0,1
Spotx405,1,0,0,1,0,0,0,0,0
Spotx406,0,1,1,1,1,1,0,0,0
Spotx407,0,0,1,1,1,1,1,1,1
Spotx408,1,1,1,0,0,0,1,0,0
Spotx409,0,0,0,1,0,0,0,1,0
Spotx410,0,0,0,1,0,1,1,0,0
Spotx411,0,0,0,0,0,0,0,0,1
Spotx412,1,0,0,1,0,0,0,0,1
Spotx413,0,1,0,1,0,0,0,0,0
Spotx414,0,0,0,0,0,1,1,0,1
Spotx415,1,1,0,1,0,0,0,0,1
Spotx416,1,0,1,0,1,0,0,0,0
Spotx417,0,0,0,1,1,1,0,0,0
Spotx418,0,0,0,0,1,1,1,0,0
Spotx419,1,0,1,0,1,1,0,0,1
Spotx420,1,1,1,1,1,0,0,1,0
Spotx421,0,0,0,0,0,1,0,0,0
Spotx422,0,1,1,0,0,0,0,0,0
Spotx423,1,0,0,1,0,0,1,0,1
Spotx424,0,0,1,1,1,0,0,1,0
Spotx425,1,0,0,1,1,0,1,0,0
Spotx426,0,0,0,0,0,1,1,1,1
Spotx427,1,0,0,0,1,1,0,0,1
Spotx428,0,0,0,0,1,0,0,1,0
Spotx429,1,1,1,0,0,0,0,1,0
Spotx430,0,1,1,1,0,1,1,0,0
Spotx431,1,1,0,1,0,1,0,0,0
Spotx432,0,0,1,0,1,0,0,0,0
Spotx433,0,0,1,1,1,1,0,0,0
Spotx434,1,0,1,1,0,0,0,1,0
Spotx435,1,0,1,1,1,1,1,1,1
Spotx436,1,1,1,1,0,1,0,0,0
Spotx437,1,1,1,0,1,0,0,1,1
Spotx438,0,0,0,1,0,1,1,1,0
Spotx439,0,1,1,1,0,0,0,0,0
Spotx440,0,1,1,0,0,0,0,0,1
Spotx441,1,1,0,0,1,1,1,1,0
Spotx442,0,1,0,0,0,0,1,0,0
Spotx443,1,0,1,0,1,1,0,0,0
Spotx444,0,1,0,0,0,0,0,0,0
Spotx445,0,0,0,1,0,1,0,0,1
Spotx446,1,1,0,0,0,0,1,1,0
Spotx447,0,0,0,1,1,0,0,0,0
Spotx448,0,1,0,0,0,0,0,0,0
Spotx449,1,1,0,0,0,0,0,0,1
Spotx450,0,1,1,1,1,1,1,1,1
Spotx451,0,1,1,0,0,1,0,0,1
Spotx452,0,0,0,0,0,0,1,0,1
Spotx453,1,1,0,0,1,0,1,1,0
Spotx454,1,1,1,1,0,1,0,1,0
Spotx455,0,0,0,0,0,1,1,0,1
Spotx456,0,1,1,0,1,1,1,1,0
Spotx457,1,1,1,0,0,0,0,0,1
Spotx458,0,0,0,0,0,0,0,0,1
Spotx459,1,0,0,0,0,0,1,0,0
Spotx460,0,1,0,0,0,0,0,0,1
Spotx461,0,1,0,1,0,0,0,0,0
Spotx462,1,0,0,0,0,1,1,0,1
Spotx463,0,0,1,0,1,1,1,0,1
Spotx464,0,0,1,0,0,0,0,1,1
Spotx465,0,1,1,1,1,0,1,0,1
Spotx466,0,1,1,1,0,0,1,0,1
Spotx467,1,0,0,0,0,0,1,0,0
Spotx468,0,1,0,0,0,1,0,0,0
Spotx469,0,1,1,1,1,0,0,1,0
Spotx470,1,0,0,0,0,0,0,1,1
Spotx471,0,0,0,0,1,1,1,0,0
Spotx472,0,1,0,0,0,0,0,0,0
Spotx473,0,0,0,0,0,0,1,0,1
Spotx474,1,1,1,0,1,0,0,0,0
Spotx475,1,1,1,1,0,1,0,1,1
Spotx476,0,1,0,1,1,1,0,0,1
Spotx477,0,1,0,1,0,0,0,0,0
Spotx478,1,0,0,0,0,0,0,0,0
Spotx479,0,1,0,0,0,1,0,0,1
Spotx480,0,0,0,1,0,1,0,0,1
Spotx481,1,0,0,0,0,0,1,0,0
Spotx482,0,1,0,1,1,1,1,0,1
Spotx483,1,0,0,1,0,1,1,1,0
Spotx484,0,0,1,1,1,1,1,1,1
Spotx485,0,0,1,0,0,0,1,1,0
Spotx486,1,0,0,1,0,0,0,0,0
Spotx487,1,0,1,1,1,1,0,0,1
Spotx488,1,1,0,1,1,0,1,1,1
Spotx489,1,1,0,1,0,1,1,1,1
Spotx490,1,0,1,0,0,0,1,1,0
Spotx491,1,0,0,0,1,0,0,0,0
Spotx492,1,1,0,1,0,1,1,0,1
Spotx493,1,1,1,0,1,0,1,1,1
Spotx494,1,0,0,0,0,0,1,0,1
Spotx495,0,1,0,0,1,0,0,0,0
Spotx496,0,0,0,0,1,0,0,0,0
Spotx497,0,0,1,0,0,0,0,0,1
Spotx498,0,1,1,0,0,1,1,0,0
Spotx499,0,0,0,1,0,0,1,0,0
Spotx500,0,1,0,1,0,0,1,1,0
Spotx501,0,0,1,1,0,0,1,1,1
Spotx502,1,0,1,0,1,0,0,1,1
Spotx503,1,1,1,1,0,0,0,1,0
Spotx504,0,0,1,0,0,0,1,1,0
Spotx505,0,1,1,1,0,0,1,1,0
Spotx506,1,1,0,0,1,0,1,0,0
Spotx507,1,0,0,0,1,1,1,0,0
Spotx508,1,1,0,0,1,0,0,0,0
Spotx509,1,0,0,1,1,0,1,1,0
Spotx510,0,1,0,0,1,0,0,1,1
Spotx511,1,1,1,0,0,1,1,1,1
Spotx512,1,1,1,1,1,0,1,0,1
Spotx513,0,0,1,0,0,0,0,0,0
Spotx514,0,0,0,1,0,0,0,0,0
Spotx515,1,0,0,1,0,0,0,0,0
Spotx516,0,0,1,0,0,0,1,0,0
Spotx517,0,1,0,1,1,0,0,0,0
Spotx518,0,0,0,1,1,0,0,0,0
Spotx519,0,0,0,0,0,0,1,0,0
Spotx520,0,0,0,1,1,0,0,0,0
Spotx521,0,0,0,0,0,1,1,0,0
Spotx522,0,0,0,0,1,0,0,1,0
Spotx523,0,1,0,0,1,0,0,0,1
Spotx524,1,0,0,0,0,1,0,0,0
Spotx525,1,0,0,1,0,0,0,1,0
Spotx526,1,0,0,0,0,0,0,0,0
Spotx527,0,0,0,0,0,0,1,0,1
Spotx528,0,1,0,1,1,1,1,1,0
Spotx529,0,1,1,1,1,1,1,0,0
Spotx530,1,0,1,1,0,0,0,0,1
Spotx531,1,0,1,1,0,1,0,1,0
Spotx532,1,0,0,0,1,0,0,1,1
Spotx533,1,0,0,0,0,0,0,0,0
Spotx534,1,1,1,0,1,0,1,1,0
Spotx535,1,0,0,0,0,0,1,1,1
Spotx536,0,1,0,1,0,1,0,0,0
Spotx537,1,0,1,1,1,0,1,0,0
Spotx538,1,1,0,1,0,1,1,1,0
Spotx539,0,0,0,0,0,1,0,0,0
Spotx540,0,1,0,1,0,0,0,0,0
Spotx541,0,0,1,1,1,0,1,0,0
Spotx542,0,0,0,1,0,0,0,1,0
Spotx543,1,0,0,0,1,0,1,0,0
Spotx544,0,0,0,0,1,0,1,0,1
Spotx545,1,1,0,0,1,1,0,0,1
Spotx546,1,0,0,0,0,0,0,0,0
Spotx547,0,1,0,0,0,1,1,0,1
Spotx548,1,1,0,0,0,1,0,0,0
Spotx549,0,0,1,0,0,0,0,0,1
Spotx550,1,0,0,0,0,1,1,1,0
Spotx551,0,0,0,0,1,1,1,1,0
Spotx552,0,0,0,0,0,0,0,0,1
Spotx553,0,1,1,1,1,0,1,1,1
Spotx554,0,1,1,0,1,0,1,0,0
Spotx555,1,0,1,1,0,0,0,1,0
Spotx556,0,0,0,0,0,0,1,1,0
Spotx557,1,0,0,0,0,1,0,0,0
Spotx558,0,1,0,0,1,1,0,0,1
Spotx559,0,0,1,0,0,0,0,0,0
Spotx560,0,1,1,0,0,0,0,0,0
Spotx561,0,0,0,1,1,0,0,1,1
Spotx562,1,1,1,1,1,0,1,0,1
Spotx563,1,0,1,0,1,1,0,0,0
Spotx564,0,0,1,1,1,0,0,0,0
Spotx565,1,1,0,1,0,0,1,0,1
Spotx566,0,0,0,0,0,0,0,1,1
Spotx567,1,0,0,0,1,1,1,0,1
Spotx568,1,0,1,0,1,1,1,0,0
Spotx569,0,1,0,0,0,1,1,1,0
Spotx570,0,0,0,0,0,1,0,0,0
Spotx571,0,0,0,1,0,1,0,0,0
Spotx572,0,0,0,0,0,0,0,1,1
Spotx573,0,0,1,0,0,1,1,0,1
Spotx574,1,1,0,0,0,0,1,0,0
Spotx575,1,1,0,0,0,1,0,1,0
Spotx576,1,0,0,0,0,1,0,1,0
Spotx577,1,1,1,1,1,1,1,0,0
Spotx578,1,0,1,0,0,1,0,1,0
Spotx579,0,1,0,1,1,1,0,0,0
Spotx580,1,1,1,0,1,1,0,1,1
Spotx581,1,1,0,0,1,1,1,0,1
Spotx582,1,1,1,1,0,1,1,1,1
Spotx583,0,0,1,0,0,1,0,0,0
Spotx584,1,0,0,1,0,0,0,0,1
Spotx585,1,0,1,0,0,0,0,1,0
Spotx586,1,1,0,1,1,0,0,1,0
Spotx587,0,0,0,0,0,0,0,1,1
Spotx588,1,1,1,0,1,0,0,0,1
Spotx589,0,1,1,0,0,0,0,0,0
Spotx590,0,0,0,0,1,0,1,0,0
Spotx591,1,0,0,1,1,0,0,0,1
Spotx592,1,1,0,0,1,0,0,1,0
Spotx593,1,0,1,0,1,0,0,0,0
Spotx594,1,1,1,0,1,1,0,1,0
Spotx595,0,1,0,1,0,1,0,0,0
Spotx596,0,0,1,1,1,1,0,1,0
Spotx597,1,0,0,1,0,1,1,1,1
Spotx598,1,0,0,1,0,0,0,0,0
Spotx599,1,1,0,1,1,0,1,0,0
Spotx600,0,1,0,0,0,1,0,0,1
Spotx601,1,1,0,0,0,0,1,0,1
Spotx602,0,0,0,0,0,0,1,1,1
Spotx603,1,0,0,1,0,0,0,1,0
Spotx604,0,0,0,0,0,0,0,0,1
Spotx605,0,0,0,1,0,0,0,0,0
Spotx606,1,1,0,0,1,0,1,0,1
Spotx607,0,0,1,0,0,0,0,1,0
Spotx608,0,1,1,1,0,0,1,0,1
Spotx609,0,0,0,0,1,0,0,0,1
Spotx610,0,1,1,0,0,0,0,1,0
Spotx611,1,0,0,1,0,0,0,0,0
Spotx612,0,1,0,1,1,1,1,1,0
Spotx613,0,0,1,0,0,1,0,0,0
Spotx614,0,0,1,0,0,1,0,0,1
Spotx615,0,0,0,1,0,0,0,1,0
Spotx616,1,1,1,0,1,0,1,1,1
Spotx617,0,0,0,0,1,1,0,1,0
Spotx618,1,1,1,0,1,1,0,0,0
Spotx619,0,1,1,1,1,0,0,1,0
Spotx620,0,0,0,0,0,0,0,0,1
Spotx621,0,1,1,1,1,1,1,1,1
Spotx622,0,0,0,0,0,0,0,1,1
Spotx623,1,0,0,0,1,1,1,0,1
Spotx624,0,0,0,1,0,1,0,0,0
Spotx625,0,0,1,0,0,0,1,1,0
Spotx626,0,1,1,1,1,1,0,0,0
Spotx627,0,0,0,1,0,1,0,0,0
Spotx628,0,0,1,1,0,0,0,0,0
Spotx629,0,0,0,0,0,0,0,0,1
Spotx630,1,0,1,0,1,0,1,1,0
Spotx631,1,1,1,0,0,0,1,0,1
Spotx632,0,0,0,0,0,1,0,1,0
Spotx633,1,0,0,0,0,0,0,1,0
Spotx634,1,1,1,0,1,0,0,0,1
Spotx635,1,0,0,0,0,0,0,0,0
Spotx636,0,0,0,0,1,0,1,0,0
Spotx637,0,0,0,0,1,0,0,1,0
Spotx638,1,0,0,0,1,0,1,0,1
Spotx639,0,0,0,0,0,0,0,1,0
Spotx640,1,0,1,0,0,1,1,1,1
Spotx641,0,0,0,0,0,0,1,0,0
Spotx642,0,1,1,1,0,1,0,1,0
Spotx643,1,1,0,0,1,1,0,1,1
Spotx644,1,0,0,1,1,1,1,0,1
Spotx645,0,0,0,0,0,0,1,0,0
Spotx646,0,0,1,1,0,0,0,0,0
Spotx647,0,1,0,1,0,0,1,1,0
Spotx648,1,1,0,0,1,0,0,0,0
Spotx649,0,1,0,0,0,1,1,0,0
Spotx650,1,0,1,0,0,0,1,0,0
Spotx651,1,1,0,0,1,0,1,0,1
Spotx652,0,1,1,1,0,1,0,0,0
Spotx653,1,0,1,1,1,0,1,1,0
Spotx654,0,1,1,1,1,1,1,1,1
Spotx655,0,0,0,0,1,0,0,0,1
Spotx656,0,1,0,0,1,0,0,0,1
Spotx657,1,1,1,1,0,1,1,0,1
Spotx658,0,0,0,1,1,1,1,0,1
Spotx659,1,0,1,1,0,1,0,1,1
Spotx660,0,1,0,0,1,0,0,0,1
Spotx661,0,0,0,1,0,1,0,0,0
Spotx662,1,1,1,1,1,0,0,0,1
Spotx663,0,0,0,0,0,1,1,1,0
Spotx664,1,0,0,1,0,0,1,1,1
Spotx665,1,1,0,0,1,0,0,1,1
Spotx666,0,1,1,0,0,0,0,0,0
Spotx667,0,0,1,0,0,0,0,0,0
Spotx668,0,0,0,0,1,0,0,0,1
Spotx669,0,0,0,0,0,0,1,0,0
Spotx670,0,0,0,0,1,0,0,1,0
Spotx671,0,1,0,0,1,1,0,1,1
Spotx672,0,1,0,0,0,0,1,0,1
Spotx673,0,0,1,1,0,1,0,1,0
Spotx674,0,0,0,1,1,1,1,0,0
Spotx675,0,1,1,0,1,0,0,0,0
Spotx676,1,0,1,1,1,0,0,1,1
Spotx677,1,1,0,0,1,0,0,1,0
Spotx678,1,0,0,0,1,1,0,0,0
Spotx679,0,0,0,1,1,0,0,1,1
Spotx680,1,1,0,0,0,1,1,1,0
Spotx681,0,0,0,1,0,1,0,0,1
Spotx682,0,0,0,1,0,0,0,1,0
Spotx683,0,1,0,1,1,0,0,1,0
Spotx684,0,0,0,0,1,1,1,0,0
Spotx685,1,1,1,1,1,0,0,1,0
Spotx686,0,0,1,0,1,0,0,0,0
Spotx687,0,1,1,0,0,0,0,1,1
Spotx688,0,0,0,0,0,1,0,1,0
Spotx689,0,0,0,0,1,0,0,0,0
Spotx690,1,0,0,1,1,1,0,0,0
Spotx691,1,1,0,1,0,1,0,0,1
Spotx692,1,1,0,0,1,0,1,0,0
Spotx693,1,0,0,0,0,0,0,0,0
Spotx694,0,1,1,1,1,1,0,1,1
Spotx695,0,0,1,1,0,1,1,0,0
Spotx696,1,1,1,1,1,1,1,0,0
Spotx697,0,0,1,1,0,0,0,0,1
Spotx698,0,0,0,0,1,0,0,1,0
Spotx699,1,1,1,0,0,1,0,1,1
Spotx700,0,0,0,1,0,0,0,1,1
Spotx701,0,0,0,1,0,0,1,0,1
Spotx702,0,1,0,0,0,0,1,0,0
Spotx703,1,1,1,0,0,0,0,1,0
Spotx704,0,0,1,1,1,1,0,0,0
Spotx705,0,1,0,1,1,1,0,0,1
Spotx706,0,1,0,0,0,0,0,1,1
Spotx707,1,1,1,1,1,0,1,0,1
Spotx708,1,0,0,1,0,0,0,0,1
Spotx709,1,1,1,0,0,1,1,0,0
Spotx710,0,0,1,0,0,0,0,0,0
Spotx711,0,0,0,0,0,0,1,1,0
Spotx712,0,0,1,0,1,1,1,0,1
Spotx713,0,0,0,1,1,1,0,0,0
Spotx714,0,1,0,0,0,0,0,0,0
Spotx715,1,0,0,0,0,1,1,0,0
Spotx716,1,0,0,0,0,0,1,0,0
Spotx717,0,0,0,1,0,0,0,0,0
Spotx718,0,0,0,0,1,0,1,0,1
Spotx719,0,0,1,0,0,0,0,0,0
Spotx720,1,0,0,1,0,1,1,1,1
Spotx721,1,1,0,0,0,1,1,1,0
Spotx722,0,1,0,0,0,0,1,0,1
Spotx723,0,0,0,1,0,0,0,0,1
Spotx724,0,1,1,0,0,0,0,1,0
Spotx725,0,0,0,1,1,0,0,1,0
Spotx726,1,0,1,0,0,1,1,0,0
Spotx727,1,1,0,0,0,0,0,1,1
Spotx728,1,0,0,0,0,0,1,1,0
Spotx729,1,0,1,1,0,1,1,0,1
Spotx730,0,0,0,0,0,0,1,0,0
Spotx731,1,1,1,0,1,0,1,1,1
Spotx732,0,0,1,1,0,0,0,1,1
Spotx733,0,0,0,0,0,0,1,0,1
Spotx734,0,0,0,1,1,0,1,1,1
Spotx735,0,0,0,1,1,0,0,1,0
Spotx736,0,0,0,1,0,0,0,0,0
Spotx737,0,1,0,0,0,0,0,0,1
Spotx738,0,0,0,1,0,0,0,0,0
Spotx739,0,1,0,0,1,0,0,0,1
Spotx740,0,0,1,1,1,0,1,0,1
Spotx741,1,1,1,0,1,1,1,1,0
Spotx742,0,0,0,0,1,0,0,0,1
Spotx743,0,1,0,1,1,0,0,0,0
Spotx744,1,0,0,1,1,1,0,1,1
Spotx745,1,1,0,1,0,0,0,1,0
Spotx746,0,0,0,1,0,0,1,0,0
Spotx747,0,0,0,0,1,1,0,0,0
Spotx748,0,1,1,0,1,0,1,0,1
Spotx749,1,1,1,1,0,0,1,1,0
Spotx750,1,1,0,1,1,0,0,0,1
Spotx751,0,0,1,0,0,0,1,0,0
Spotx752,0,0,0,1,0,1,1,0,1
Spotx753,1,1,0,1,0,1,1,1,0
Spotx754,0,1,1,0,1,0,1,0,1
Spotx755,1,0,0,1,1,0,1,0,0
Spotx756,1,1,0,0,0,0,0,1,1
Spotx757,0,1,1,1,0,1,0,0,1
Spotx758,0,0,1,1,1,0,1,1,0
Spotx759,0,0,1,1,1,0,1,0,1
Spotx760,1,1,1,1,1,1,1,1,1
Spotx761,0,0,1,0,0,0,1,0,0
Spotx762,1,0,0,0,0,0,0,0,1
Spotx763,1,0,0,1,0,1,1,1,1
Spotx764,0,1,0,0,0,0,0,0,1
Spotx765,1,1,1,1,0,0,0,1,0
Spotx766,0,0,1,0,1,0,1,1,1
Spotx767,0,0,1,0,1,0,1,0,0
Spotx768,1,0,1,0,0,0,0,0,0
Spotx769,1,0,0,1,1,0,1,1,0
Spotx770,1,1,1,1,0,1,0,1,1
Spotx771,0,1,0,0,0,0,0,0,0
Spotx772,1,0,1,0,1,0,0,0,1
Spotx773,0,0,0,0,0,0,1,1,0
Spotx774,0,1,1,0,1,0,0,0,0
Spotx775,0,1,0,0,0,0,0,1,0
Spotx776,0,0,1,0,1,0,1,0,0
Spotx777,0,0,0,0,1,0,1,0,1
Spotx778,1,0,0,0,1,1,0,0,0
Spotx779,0,0,0,0,0,0,1,0,0
Spotx780,0,1,0,0,1,0,1,1,0
Spotx781,0,0,1,0,1,0,1,0,1
Spotx782,1,0,0,1,1,0,0,0,0
Spotx783,0,1,0,0,1,0,0,0,1
Spotx784,0,1,1,0,0,0,1,0,0
Spotx785,0,0,0,0,0,1,0,1,0
Spotx786,0,1,0,0,1,0,0,0,0
Spotx787,0,0,0,0,0,0,1,0,0
Spotx788,0,1,1,1,1,1,0,0,0
Spotx789,0,1,1,1,0,1,0,0,0
Spotx790,0,1,1,0,0,1,1,0,1
Spotx791,0,0,0,0,0,0,0,1,1
Spotx792,0,1,0,0,0,1,1,1,0
Spotx793,0,0,0,1,0,0,1,0,1
Spotx794,0,0,0,0,0,1,1,0,0
Spotx795,1,0,1,1,0,0,1,0,0
Spotx796,1,0,1,0,0,0,1,0,0
Spotx797,0,0,0,1,1,1,0,1,1
Spotx798,0,1,1,0,0,0,0,1,0
Spotx799,0,1,1,1,0,0,0,1,0
Spotx800,0,0,0,1,1,1,0,1,1
Spotx801,0,1,0,1,0,0,1,0,1
Spotx802,0,0,0,0,0,0,1,0,0
Spotx803,1,0,0,0,1,1,1,1,0
Spotx804,1,0,0,0,0,0,0,0,0
Spotx805,1,1,1,1,1,1,0,1,1
Spotx806,0,1,0,0,1,0,1,0,0
Spotx807,1,1,0,0,0,0,0,0,0
Spotx808,0,0,0,0,0,1,1,0,0
Spotx809,0,0,0,0,0,0,0,0,1
Spotx810,0,1,1,0,0,0,0,0,0
Spotx811,0,0,1,1,0,0,1,0,0
Spotx812,0,0,0,0,0,0,0,1,0
Spotx813,1,1,0,1,1,0,0,1,1
Spotx814,0,0,1,1,0,0,0,0,0
Spotx815,0,1,1,1,1,1,0,1,0
Spotx816,1,1,0,0,0,0,0,0,0
Spotx817,0,1,1,0,1,0,1,1,1
Spotx818,0,0,1,1,0,1,1,0,0
Spotx819,1,1,0,0,1,1,0,0,0
Spotx820,0,0,1,0,0,1,0,0,1
Spotx821,1,1,0,0,1,0,0,0,0
Spotx822,1,0,0,0,0,1,0,0,0
Spotx823,0,1,1,1,0,1,0,1,0
Spotx824,0,1,0,0,0,1,0,1,0
Spotx825,1,0,0,0,1,0,0,1,1
Spotx826,1,0,1,0,0,0,0,0,0
Spotx827,0,0,0,0,1,0,1,0,0
Spotx828,0,0,1,1,1,1,1,0,0
Spotx829,0,1,0,1,0,0,0,0,0
Spotx830,0,0,0,1,0,0,0,0,0
Spotx831,0,1,1,1,0,1,1,1,1
Spotx832,0,1,0,1,0,1,0,0,1
Spotx833,1,0,1,1,0,1,0,1,0
Spotx834,0,0,0,0,0,0,1,1,1
Spotx835,1,0,0,1,0,0,0,1,0
Spotx836,1,1,0,0,0,1,0,0,1
Spotx837,1,1,1,1,1,0,0,1,1
Spotx838,1,1,0,1,0,0,1,0,0
Spotx839,0,1,0,0,1,0,0,0,0
Spotx840,0,0,1,1,0,0,0,0,1
Spotx841,1,1,0,0,1,0,0,1,0
Spotx842,0,1,0,0,0,0,0,0,0
Spotx843,0,0,0,0,0,0,1,0,1
Spotx844,0,1,0,1,1,0,0,1,0
Spotx845,0,0,0,1,1,1,0,0,0
Spotx846,1,0,0,0,0,1,0,1,1
Spotx847,0,0,1,1,0,1,1,0,0
Spotx848,1,0,1,1,0,1,1,1,1
Spotx849,1,0,1,0,0,0,1,1,1
Spotx850,0,0,1,0,0,0,0,0,0
Spotx851,1,1,1,0,1,0,0,0,0
Spotx852,1,1,1,1,1,1,1,1,1
Spotx853,0,0,0,0,0,0,0,1,1
Spotx854,1,1,1,0,1,0,1,1,0
Spotx855,0,1,1,0,0,1,1,0,0
Spotx856,0,0,0,0,0,0,1,0,0
Spotx857,0,1,1,0,0,1,0,0,0
Spotx858,0,0,0,0,1,0,0,1,1
Spotx859,1,1,0,1,0,1,1,0,0
Spotx860,0,0,0,1,0,0,1,0,0
Spotx861,0,1,0,1,0,1,0,0,0
Spotx862,0,1,1,0,0,0,1,0,0
Spotx863,0,0,0,1,0,0,0,1,0
Spotx864,0,1,0,0,0,0,0,0,0
Spotx865,0,1,0,0,0,0,0,1,1
Spotx866,0,0,0,0,0,1,0,0,0
Spotx867,1,0,1,0,0,1,1,0,0
Spotx868,0,0,1,1,0,0,0,0,0
Spotx869,0,1,0,1,1,1,0,0,1
Spotx870,0,0,0,0,0,1,0,0,1
Spotx871,0,1,0,0,0,0,0,1,1
Spotx872,0,0,0,1,0,0,0,0,0
Spotx873,0,0,1,0,0,0,1,1,1
Spotx874,0,1,0,1,0,0,0,0,0
Spotx875,1,1,0,1,1,0,0,1,1
Spotx876,1,1,0,0,0,1,1,0,1
Spotx877,0,1,0,0,0,0,0,0,0
Spotx878,0,0,0,0,0,1,0,0,0
Spotx879,1,0,0,0,1,0,1,1,1
Spotx880,0,0,1,1,1,1,1,0,0
Spotx881,0,1,0,0,0,0,0,0,0
Spotx882,1,1,0,0,1,0,0,0,0
Spotx883,0,1,1,0,0,0,1,0,1
Spotx884,1,0,0,1,1,0,0,1,1
Spotx885,1,1,0,1,0,0,0,1,0
Spotx886,0,0,0,0,1,0,0,0,0
Spotx887,0,1,1,0,1,1,1,1,0
Spotx888,1,1,1,0,1,0,1,1,1
Spotx889,0,1,0,0,0,0,0,0,1
Spotx890,0,0,1,0,0,0,0,0,0
Spotx891,1,1,0,1,0,0,1,1,0
Spotx892,0,0,0,0,0,1,0,1,1
Spotx893,1,0,0,1,0,1,0,0,0
Spotx894,0,0,1,1,0,0,1,1,1
Spotx895,0,0,1,0,1,1,1,0,0
Spotx896,0,0,0,0,1,0,0,0,0
Spotx897,1,1,0,1,0,0,1,1,1
Spotx898,1,0,1,1,1,1,0,0,1
Spotx899,1,0,0,0,0,1,1,1,1
Spotx900,0,0,0,1,0,0,1,0,1
Spotx901,1,0,0,0,1,1,0,0,0
Spotx902,0,0,1,0,0,0,0,1,0
Spotx903,1,0,1,1,1,0,0,1,1
Spotx904,1,0,1,0,0,1,0,1,0
Spotx905,0,1,1,0,0,1,1,1,0
Spotx906,0,0,1,1,0,1,1,0,0
Spotx907,1,0,1,0,0,0,0,0,0
Spotx908,0,1,1,1,1,1,0,1,0
Spotx909,0,1,1,0,1,0,0,0,0
Spotx910,0,1,0,1,0,1,1,1,1
Spotx911,0,0,1,0,1,1,1,1,1
Spotx912,0,0,0,0,1,0,0,0,0
Spotx913,1,0,1,0,0,1,0,1,1
Spotx914,0,0,0,0,0,0,0,0,1
Spotx915,0,1,0,0,1,0,0,1,0
Spotx916,1,0,0,1,0,1,0,0,0
Spotx917,1,1,0,1,0,0,1,1,1
Spotx918,1,0,1,1,1,0,1,1,0
Spotx919,0,1,0,1,1,0,1,0,1
Spotx920,0,0,0,1,0,0,0,0,0
Spotx921,1,1,1,1,0,1,1,0,0
Spotx922,1,1,1,0,1,1,1,1,0
Spotx923,0,0,0,0,1,0,0,0,0
Spotx924,1,1,0,0,0,0,1,0,1
Spotx925,0,1,0,0,1,1,0,0,1
Spotx926,1,0,1,0,0,0,1,1,0
Spotx927,1,0,0,0,0,1,1,0,0
Spotx928,0,1,0,1,1,0,1,0,1
Spotx929,0,0,0,1,0,1,0,0,0
Spotx930,1,0,1,1,0,0,0,0,0
Spotx931,1,0,0,1,0,1,0,1,1
Spotx932,0,0,0,0,0,0,0,1,1
Spotx933,0,0,0,0,0,1,1,0,1
Spotx934,0,1,1,0,0,0,0,0,0
Spotx935,1,1,1,0,1,1,1,0,1
Spotx936,1,1,0,1,0,0,0,0,0
Spotx937,1,1,0,0,0,0,0,1,1
Spotx938,0,0,0,1,0,0,0,0,0
Spotx939,1,0,1,1,1,1,1,0,1
Spotx940,0,1,0,0,1,1,0,0,0
Spotx941,1,1,0,1,0,1,1,1,1
Spotx942,1,1,0,0,0,1,1,1,0
Spotx943,1,1,1,0,1,1,1,0,0
Spotx944,1,0,0,0,1,1,0,0,0
Spotx945,0,1,0,0,1,0,0,0,0
Spotx946,0,0,1,1,0,0,0,0,1
Spotx947,1,0,1,0,0,1,1,0,0
Spotx948,0,0,1,0,0,0,0,0,0
Spotx949,0,0,1,0,1,1,1,1,1
Spotx950,0,0,0,1,0,1,0,0,0
Spotx951,0,0,0,0,0,0,1,0,1
Spotx952,1,1,1,1,1,0,1,0,0
Spotx953,0,0,0,0,0,0,1,0,0
Spotx954,0,0,1,0,0,0,0,1,1
Spotx955,0,1,1,0,0,1,0,0,0
Spotx956,0,1,0,1,0,0,1,0,1
Spotx957,1,0,0,0,0,1,0,0,0
Spotx958,0,0,0,1,1,0,1,0,0
Spotx959,1,1,0,1,0,0,1,1,0
Spotx960,0,1,1,1,0,1,0,1,1
Spotx961,1,0,1,0,0,0,1,0,1
Spotx962,1,1,0,0,0,0,0,0,0
Spotx963,1,1,0,0,0,0,0,1,1
Spotx964,1,1,0,0,1,1,0,0,0
Spotx965,1,0,0,0,0,0,0,1,0
Spotx966,0,0,0,0,1,1,1,1,1
Spotx967,0,1,1,1,1,1,0,1,1
Spotx968,0,0,0,0,1,0,0,0,1
Spotx969,1,0,1,1,0,0,0,1,1
Spotx970,0,1,0,0,0,0,0,1,0
Spotx971,1,0,1,1,1,0,0,1,1
Spotx972,1,1,1,1,0,0,0,0,1
Spotx973,0,1,0,1,1,1,0,0,1
Spotx974,0,1,1,1,0,1,1,1,0
Spotx975,0,1,1,0,1,0,0,0,0
Spotx976,1,0,0,0,1,0,0,0,0
Spotx977,0,0,0,1,1,1,1,0,0
Spotx978,0,1,1,0,0,0,0,1,1
Spotx979,0,0,0,0,0,1,0,0,1
Spotx980,1,1,1,0,1,0,1,0,0
Spotx981,0,0,1,0,0,1,1,1,1
Spotx982,1,1,0,0,0,0,1,0,0
Spotx983,1,1,0,0,0,1,0,0,1
Spotx984,1,1,0,1,0,0,1,1,0
Spotx985,0,1,0,0,1,0,1,1,1
Spotx986,1,0,1,0,1,1,0,1,1
Spotx987,0,0,0,0,1,0,0,1,0
Spotx988,0,0,0,0,0,0,0,0,1
Spotx989,1,1,0,0,1,0,0,1,0
Spotx990,0,0,0,0,1,0,0,0,0
Spotx991,0,0,1,1,1,0,0,0,0
Spotx992,1,1,0,1,0,1,0,1,1
Spotx993,1,0,0,0,1,0,1,1,1
Spotx994,1,1,0,1,1,1,1,0,1
Spotx995,1,1,0,0,0,0,1,0,0
Spotx996,1,1,1,1,1,1,1,0,1
Spotx997,1,0,0,0,1,0,1,0,0
Spotx998,0,0,0,0,0,1,0,0,0
Spotx999,0,1,0,1,1,0,0,1,0
Spotx1000,1,1,1,0,0,0,0,0,1
Spotx1001,0,0,0,1,0,1,0,1,1
Spotx1002,0,0,1,1,0,1,0,1,0
Spotx1003,1,0,1,0,0,1,0,0,1
Spotx1004,0,1,0,0,1,0,1,0,0
Spotx1005,1,0,0,0,0,0,0,1,1
Spotx1006,0,0,1,1,0,0,1,1,0
Spotx1007,1,1,0,0,0,0,0,1,0
Spotx1008,0,1,0,1,1,1,1,0,1
Spotx1009,0,0,0,1,0,1,0,0,0
Spotx1010,1,0,0,0,0,0,1,0,1
Spotx1011,0,1,1,1,0,1,1,0,0
Spotx1012,1,0,1,1,1,1,1,1,1
Spotx1013,0,1,1,1,1,1,0,1,1
Spotx1014,0,1,0,0,0,1,1,1,0
Spotx1015,0,0,0,1,0,1,1,0,1
Spotx1016,0,1,0,0,0,1,0,0,0
Spotx1017,1,0,0,0,0,0,0,0,0
Spotx1018,0,1,0,1,1,0,0,1,0
Spotx1019,1,0,0,0,0,0,0,0,1
Spotx1020,1,0,1,0,0,0,0,0,0
Spotx1021,1,0,0,0,1,0,1,1,0
Spotx1022,0,0,0,0,1,1,0,0,1
Spotx1023,0,1,0,0,0,0,1,0,0
Spotx1024,0,0,1,1,1,1,0,1,1
Spotx1025,0,0,0,1,0,0,0,0,0
Spotx1026,1,1,0,0,1,0,1,0,0
Spotx1027,0,0,1,0,0,1,1,1,0
Spotx1028,0,1,1,1,0,0,0,0,0
Spotx1029,0,0,0,1,1,1,0,1,1
Spotx1030,1,0,1,0,0,0,1,1,0
Spotx1031,1,1,0,0,1,1,1,1,1
Spotx1032,1,0,1,0,0,0,0,0,0
Spotx1033,0,0,0,0,1,1,0,1,0
Spotx1034,1,1,0,1,0,0,1,0,0
Spotx1035,1,1,1,0,0,1,0,0,1
Spotx1036,0,0,0,1,0,1,0,1,0
Spotx1037,1,1,0,0,0,0,0,1,0
Spotx1038,1,1,0,0,0,0,1,0,1
Spotx1039,0,1,0,1,0,0,0,1,0
Spotx1040,1,1,1,1,1,0,1,0,1
Spotx1041,1,0,1,0,0,0,0,1,1
Spotx1042,1,1,0,1,0,0,1,1,0
Spotx1043,0,1,1,1,1,1,1,1,1
Spotx1044,0,0,1,0,0,0,1,0,1
Spotx1045,1,1,0,1,1,0,0,1,0
Spotx1046,1,1,0,0,1,1,0,0,1
Spotx1047,0,1,1,1,1,0,1,1,0
Spotx1048,0,1,0,0,0,0,0,1,0
Spotx1049,1,1,0,0,0,1,1,0,0
Spotx1050,0,1,0,1,1,1,0,0,0
Spotx1051,0,0,0,1,0,0,1,1,1
Spotx1052,1,0,1,0,1,1,1,1,0
Spotx1053,1,1,0,0,1,1,1,0,0
Spotx1054,0,0,0,0,0,0,1,0,0
Spotx1055,1,1,1,1,1,1,0,1,0
Spotx1056,0,1,0,1,1,1,0,1,0
Spotx1057,1,1,0,0,1,1,0,0,0
Spotx1058,0,0,1,1,1,0,0,0,1
Spotx1059,0,0,0,1,0,1,0,0,0
Spotx1060,0,0,0,1,0,0,0,0,1
Spotx1061,1,1,1,0,0,1,0,0,0
Spotx1062,1,0,0,1,1,0,0,1,0
Spotx1063,0,0,0,0,0,1,0,0,0
Spotx1064,1,0,1,0,1,0,1,0,1
Spotx1065,0,1,0,0,0,0,0,0,1
Spotx1066,1,0,0,0,1,0,1,1,0
Spotx1067,0,1,1,1,0,0,1,0,0
Spotx1068,0,0,1,1,1,1,0,1,0
Spotx1069,1,0,0,0,0,0,0,0,0
Spotx1070,0,0,0,0,0,1,0,0,0
Spotx1071,1,0,1,1,1,0,1,1,0
Spotx1072,0,1,0,0,0,1,0,0,0
Spotx1073,0,0,0,1,0,0,0,1,1
Spotx1074,0,0,0,1,0,1,0,1,0
Spotx1075,0,1,1,0,0,0,0,0,0
Spotx1076,1,0,0,1,1,0,1,0,0
Spotx1077,0,0,0,0,0,1,1,0,0
Spotx1078,0,0,0,1,0,0,1,0,1
Spotx1079,1,0,0,1,0,1,0,0,1
Spotx1080,1,0,1,0,1,0,1,0,0
Spotx1081,0,1,1,0,1,1,0,1,0
Spotx1082,1,0,1,1,1,1,1,0,1
Spotx1083,0,0,1,0,0,0,0,0,0
Spotx1084,1,1,1,1,0,1,0,1,1
Spotx1085,0,1,1,0,1,0,1,0,1
Spotx1086,1,1,1,1,1,1,0,0,1
Spotx1087,1,1,0,1,1,0,1,0,0
Spotx1088,1,0,1,0,1,0,1,1,1
Spotx1089,0,1,0,0,1,0,0,0,0
Spotx1090,0,0,0,1,0,0,1,0,1
Spotx1091,1,0,0,0,1,1,0,0,0
Spotx1092,0,1,1,1,1,0,0,0,0
Spotx1093,0,1,1,1,0,1,1,1,1
Spotx1094,1,0,1,1,1,1,1,1,1
Spotx1095,1,1,0,0,0,0,0,0,0
Spotx1096,1,0,0,0,0,0,0,1,1
Spotx1097,0,1,1,0,0,1,0,0,0
Spotx1098,1,0,0,0,0,0,0,1,0
Spotx1099,0,0,0,1,0,1,0,1,0
Spotx1100,0,1,1,1,1,0,1,1,0
Spotx1101,0,0,0,0,1,0,0,0,1
Spotx1102,1,0,1,1,0,0,0,1,1
Spotx1103,1,0,0,0,0,0,0,0,0
Spotx1104,0,1,1,0,0,0,0,1,0
Spotx1105,1,1,1,0,1,1,1,1,1
Spotx1106,1,1,0,1,0,1,0,1,0
Spotx1107,1,1,0,0,0,0,0,0,1
Spotx1108,1,0,1,0,1,0,1,0,0
Spotx1109,1,0,0,0,1,0,0,1,0
Spotx1110,0,1,1,1,0,1,0,1,1
Spotx1111,1,0,0,0,1,1,0,0,1
Spotx1112,0,1,1,0,0,1,1,1,1
Spotx1113,0,0,0,0,1,0,0,0,0
Spotx1114,0,0,0,0,0,0,1,0,0
Spotx1115,0,1,0,1,0,0,0,0,0
Spotx1116,0,1,0,1,0,0,1,0,0
Spotx1117,0,1,0,0,0,0,1,0,1
Spotx1118,1,0,0,1,0,0,0,1,0
Spotx1119,0,1,1,0,0,0,1,0,1
Spotx1120,0,1,0,0,0,0,0,0,0
Spotx1121,0,1,1,1,1,1,0,0,1
Spotx1122,0,1,1,1,1,0,0,1,1
Spotx1123,1,0,0,0,1,1,1,1,0
Spotx1124,1,1,1,1,1,1,1,0,0
Spotx1125,1,0,0,0,1,0,1,0,0
Spotx1126,1,1,0,0,0,1,1,0,0
Spotx1127,1,1,1,0,1,1,1,0,1
Spotx1128,1,0,1,1,0,1,0,0,0
Spotx1129,0,1,0,0,0,0,1,0,1
Spotx1130,1,1,0,0,0,0,1,1,0
Spotx1131,1,0,1,1,0,1,1,0,1
Spotx1132,0,1,1,0,0,1,0,0,1
Spotx1133,1,1,0,1,0,0,0,1,0
Spotx1134,0,1,0,0,0,0,0,0,1
Spotx1135,0,0,0,1,0,0,0,0,0
Spotx1136,1,1,1,1,1,1,1,0,1
Spotx1137,0,1,0,1,1,1,0,1,1
Spotx1138,0,0,0,1,0,0,1,0,0
Spotx1139,0,0,1,0,1,0,1,0,1
Spotx1140,1,1,0,1,1,1,1,1,1
Spotx1141,0,0,1,1,0,0,0,0,0
Spotx1142,0,1,1,0,0,0,0,0,0
Spotx1143,0,1,0,0,0,0,1,0,1
Spotx1144,0,0,0,1,0,0,1,0,0
Spotx1145,0,0,1,0,1,1,0,1,0
Spotx1146,1,0,0,0,0,0,1,0,0
Spotx1147,0,0,1,1,0,0,0,0,1
Spotx1148,0,0,0,0,1,0,0,0,0
Spotx1149,0,0,0,0,1,0,0,0,0
Spotx1150,1,1,0,0,0,0,0,0,0
Spotx1151,0,1,0,0,0,0,0,0,0
Spotx1152,0,0,0,0,0,0,1,0,1
Spotx1153,1,0,0,1,1,1,1,0,1
Spotx1154,1,1,1,0,1,1,1,1,1
Spotx1155,0,0,0,0,0,0,0,1,1
Spotx1156,0,0,0,1,0,0,0,1,0
Spotx1157,1,0,1,1,1,0,1,0,1
Spotx1158,0,1,0,0,1,0,0,0,0
Spotx1159,1,0,0,1,0,1,0,0,1
Spotx1160,0,0,0,0,0,0,1,0,0
Spotx1161,1,0,1,1,0,0,1,0,1
Spotx1162,1,0,1,0,0,0,0,1,0
Spotx1163,0,1,0,1,0,0,1,0,1
Spotx1164,0,0,0,1,0,1,0,0,0
Spotx1165,0,1,0,0,0,1,0,0,0
Spotx1166,1,0,1,0,0,0,0,0,0
Spotx1167,0,1,0,1,0,1,0,0,0
Spotx1168,0,0,0,0,1,0,0,0,0
Spotx1169,1,1,0,0,1,1,1,0,1
Spotx1170,0,1,1,0,1,0,1,0,0
Spotx1171,0,0,0,0,0,0,1,0,0
Spotx1172,1,1,0,0,0,0,0,1,1
Spotx1173,0,0,1,0,0,0,0,1,0
Spotx1174,0,1,0,0,1,1,0,0,1
Spotx1175,0,0,1,0,0,1,0,1,0
Spotx1176,1,1,0,1,0,1,0,0,1
Spotx1177,0,0,1,0,0,0,1,0,0
Spotx1178,0,0,1,0,1,0,0,0,0
Spotx1179,0,1,1,0,0,0,0,0,0
Spotx1180,0,0,0,0,0,0,0,1,0
Spotx1181,0,0,0,0,0,1,0,0,0
Spotx1182,1,0,0,0,0,0,0,0,0
Spotx1183,0,0,0,0,1,0,0,0,0
Spotx1184,0,0,0,0,0,1,0,0,1
Spotx1185,0,1,1,1,0,0,0,1,0
Spotx1186,1,0,1,0,1,0,0,0,1
Spotx1187,0,1,0,1,1,1,0,0,1
Spotx1188,0,1,1,0,0,0,0,0,1
Spotx1189,1,0,1,0,0,0,1,1,0
Spotx1190,0,0,1,0,0,0,0,0,1
Spotx1191,1,1,0,0,0,0,0,0,0
Spotx1192,1,0,0,0,1,1,0,0,0
Spotx1193,0,0,1,0,0,0,0,0,0
Spotx1194,0,0,0,1,0,0,0,0,1
Spotx1195,1,1,0,1,0,0,0,0,1
Spotx1196,0,0,0,1,1,0,0,0,1
Spotx1197,0,1,0,0,0,0,1,0,0
Spotx1198,0,1,0,0,0,0,0,0,1
Spotx1199,0,1,1,1,1,1,1,1,1
Spotx1200,0,0,1,0,0,0,0,1,1
Spotx1201,0,0,0,0,1,1,0,1,1
Spotx1202,0,0,0,0,1,0,0,0,0
Spotx1203,0,0,0,0,1,0,1,0,0
Spotx1204,0,0,0,0,0,1,1,1,1
Spotx1205,0,1,0,1,1,1,1,1,0
Spotx1206,1,1,1,0,1,1,1,1,1
Spotx1207,0,0,1,0,1,0,0,1,0
Spotx1208,1,0,0,0,0,0,0,0,0
Spotx1209,1,1,0,0,1,0,0,0,0
Spotx1210,0,1,1,1,0,0,0,0,0
Spotx1211,0,1,1,0,1,0,1,0,0
Spotx1212,0,0,1,1,1,0,0,0,0
Spotx1213,1,0,0,1,1,1,0,0,0
Spotx1214,0,1,0,1,0,0,1,1,0
Spotx1215,0,0,0,0,1,0,0,0,0
Spotx1216,0,1,0,1,0,1,0,0,0
Spotx1217,0,1,0,0,1,0,0,0,0
Spotx1218,1,1,1,1,1,1,1,1,0
Spotx1219,1,0,1,1,0,1,1,1,1
Spotx1220,0,0,0,1,0,0,0,0,0
Spotx1221,1,0,0,0,0,1,1,0,0
Spotx1222,0,1,0,0,0,0,1,0,1
Spotx1223,0,0,0,0,1,0,1,0,1
Spotx1224,1,0,0,0,0,0,1,0,0
Spotx1225,0,0,1,0,0,0,0,0,0
Spotx1226,1,0,1,1,0,0,0,0,0
Spotx1227,0,0,0,1,0,0,0,0,1
Spotx1228,0,1,0,1,0,0,0,1,0
Spotx1229,0,0,1,0,0,0,0,1,1
Spotx1230,0,1,1,1,0,1,0,0,1
Spotx1231,0,0,0,0,0,0,1,0,0
Spotx1232,1,0,0,0,1,1,0,1,0
Spotx1233,1,0,0,0,0,1,0,0,1
Spotx1234,0,0,0,1,0,1,0,1,0
Spotx1235,0,0,1,0,0,1,1,1,1
Spotx1236,1,0,1,0,1,0,0,1,1
Spotx1237,0,0,1,0,0,0,0,0,1
Spotx1238,1,0,0,1,0,0,0,1,0
Spotx1239,1,1,1,1,1,1,1,1,0
Spotx1240,0,0,0,0,0,0,1,1,0
Spotx1241,0,1,0,1,0,0,0,1,0
Spotx1242,1,1,1,0,1,0,1,0,1
Spotx1243,0,0,0,0,0,1,0,1,0
Spotx1244,1,0,0,0,0,0,0,1,0
Spotx1245,1,0,1,0,0,0,1,0,0
Spotx1246,0,1,0,1,1,1,0,1,0
Spotx1247,1,1,0,0,1,0,0,1,0
Spotx1248,0,0,1,0,1,1,1,1,1
Spotx1249,1,0,0,0,0,0,1,1,0
Spotx1250,1,1,1,1,1,1,0,0,1
Spotx1251,0,0,1,0,1,1,1,1,1
Spotx1252,0,0,1,0,1,1,1,1,0
Spotx1253,0,0,0,0,0,0,0,1,0
Spotx1254,0,0,0,1,1,1,0,0,1
Spotx1255,0,0,1,0,0,1,1,1,0
Spotx1256,0,1,0,0,0,0,0,1,0
Spotx1257,0,1,1,1,0,1,0,1,1
Spotx1258,0,0,0,0,1,0,1,0,0
Spotx1259,1,0,0,0,0,0,0,0,0
Spotx1260,1,0,0,0,0,0,1,0,0
Spotx1261,0,0,0,0,0,1,1,0,0
Spotx1262,0,0,0,0,1,0,1,0,0
Spotx1263,0,0,0,0,1,0,0,0,0
Spotx1264,0,0,0,0,0,1,0,0,0
Spotx1265,1,1,1,0,0,1,0,1,1
Spotx1266,1,0,0,0,0,1,0,1,1
Spotx1267,1,0,0,0,0,1,0,1,1
Spotx1268,1,0,1,0,1,1,1,0,0
Spotx1269,0,0,1,0,1,0,1,0,0
Spotx1270,0,0,1,1,1,1,1,0,0
Spotx1271,0,0,0,0,1,1,1,0,0
Spotx1272,0,0,0,0,1,0,0,0,1
Spotx1273,0,0,0,1,0,0,0,0,1
Spotx1274,0,0,1,1,0,0,0,0,0
Spotx1275,0,1,0,1,0,1,0,1,0
Spotx1276,1,1,1,0,1,0,0,1,0
Spotx1277,0,0,0,0,1,1,0,0,0
Spotx1278,0,0,0,1,0,0,0,1,0
Spotx1279,0,1,0,0,0,1,0,0,0
Spotx1280,0,0,0,0,1,0,0,0,1
Spotx1281,0,1,0,0,0,0,0,0,0
Spotx1282,1,0,0,0,1,0,0,0,0
Spotx1283,0,0,0,0,0,1,1,0,0
Spotx1284,0,0,1,0,0,0,0,0,0
Spotx1285,1,0,0,0,0,0,0,1,0
Spotx1286,0,0,0,0,0,0,0,0,1
Spotx1287,0,0,0,1,0,1,0,0,1
Spotx1288,0,0,0,0,0,1,0,0,0
Spotx1289,0,0,0,1,1,0,1,1,0
Spotx1290,0,0,0,0,1,1,0,1,1
Spotx1291,0,1,0,0,0,0,1,1,0
Spotx1292,1,1,0,0,1,0,0,0,0
Spotx1293,0,0,0,0,1,0,0,0,0
Spotx1294,1,0,1,1,1,1,1,0,1
Spotx1295,0,1,1,0,0,0,0,1,0
Spotx1296,1,0,1,1,1,1,1,0,0
Spotx1297,0,0,1,0,1,1,0,0,0
Spotx1298,1,1,1,1,0,0,0,0,1
Spotx1299,1,0,0,1,0,1,1,0,0
Spotx1300,1,1,1,1,0,1,1,0,0
Spotx1301,1,1,1,1,1,1,0,1,1
Spotx1302,0,1,0,0,0,0,0,0,0
Spotx1303,1,0,0,0,0,1,0,1,0
Spotx1304,1,0,0,0,0,0,1,0,0
Spotx1305,1,0,0,0,0,1,0,0,0
Spotx1306,0,0,0,0,0,0,1,0,1
Spotx1307,1,0,0,0,1,0,0,1,0
Spotx1308,0,0,0,0,0,1,0,0,0
Spotx1309,0,1,0,1,0,1,0,1,0
Spotx1310,0,0,1,1,0,1,0,1,1
Spotx1311,1,0,1,0,0,1,0,0,0
Spotx1312,1,0,0,0,0,0,0,1,0
Spotx1313,1,0,0,1,1,0,1,0,0
Spotx1314,1,0,0,0,0,0,1,0,0
Spotx1315,0,0,0,1,0,0,1,1,0
Spotx1316,0,0,1,1,0,1,0,0,0
Spotx1317,1,1,0,1,1,0,0,0,1
Spotx1318,0,1,1,1,0,1,1,0,1
Spotx1319,0,0,0,1,1,1,1,1,0
Spotx1320,1,0,0,0,0,0,0,0,0
Spotx1321,0,0,1,1,0,1,1,1,0
Spotx1322,0,0,0,1,0,0,0,0,0
Spotx1323,0,0,1,0,1,0,1,0,0
Spotx1324,0,1,1,1,1,0,1,0,1
Spotx1325,1,0,1,0,0,0,0,1,0
Spotx1326,1,1,1,1,1,0,0,0,0
Spotx1327,1,0,0,0,0,0,0,0,0
Spotx1328,1,0,0,0,1,0,0,1,1
Spotx1329,0,0,0,0,0,0,0,1,1
Spotx1330,1,0,1,1,1,1,0,0,1
Spotx1331,1,0,0,0,1,0,1,0,0
Spotx1332,1,1,0,0,1,0,0,0,0
Spotx1333,0,1,0,0,0,1,0,0,0
Spotx1334,0,1,0,1,0,1,0,0,1
Spotx1335,0,1,0,1,1,0,0,1,0
Spotx1336,0,0,0,1,1,0,1,1,0
Spotx1337,0,1,0,0,1,0,0,1,1
Spotx1338,0,0,0,1,1,1,0,0,1
Spotx1339,0,0,1,1,1,0,1,1,1
Spotx1340,1,1,0,0,1,0,1,0,0
Spotx1341,1,1,1,0,0,0,0,1,0
Spotx1342,0,0,0,0,0,1,0,0,1
Spotx1343,1,0,0,0,0,0,0,0,0
Spotx1344,0,0,0,0,0,1,1,1,1
Spotx1345,0,1,0,0,1,0,0,1,1
Spotx1346,1,0,1,1,1,1,0,1,0
Spotx1347,0,0,0,1,0,0,0,1,1
Spotx1348,0,0,0,1,0,0,0,1,0
Spotx1349,1,0,1,0,1,0,0,0,0
Spotx1350,0,0,0,1,0,0,0,0,1
Spotx1351,0,0,0,1,0,0,1,0,0
Spotx1352,0,1,0,0,1,1,1,1,1
Spotx1353,0,1,0,0,0,0,1,0,0
Spotx1354,1,0,0,0,0,1,0,1,1
Spotx1355,1,1,0,0,0,0,0,0,0
Spotx1356,1,0,1,0,1,0,0,1,0
Spotx1357,1,0,0,0,0,0,0,0,1
Spotx1358,1,0,1,0,0,1,0,0,1
Spotx1359,0,0,0,0,0,0,1,1,1
Spotx1360,0,1,1,1,1,0,0,0,0
Spotx1361,0,0,0,0,0,0,1,0,0
Spotx1362,0,0,1,0,1,0,0,0,0
Spotx1363,1,1,1,0,0,1,1,1,0
Spotx1364,1,0,1,1,1,1,0,0,1
Spotx1365,1,1,0,0,0,1,0,1,1
Spotx1366,1,0,0,1,1,0,1,0,1
Spotx1367,0,0,1,1,0,1,0,0,0
Spotx1368,1,0,0,0,0,0,0,0,1
Spotx1369,1,0,0,1,0,1,0,0,0
Spotx1370,1,0,1,0,0,1,0,1,0
Spotx1371,0,0,1,0,0,0,1,1,0
Spotx1372,0,0,0,0,1,1,0,0,0
Spotx1373,0,0,0,0,1,0,0,0,1
Spotx1374,0,0,1,0,1,1,0,0,0
Spotx1375,0,0,1,0,1,1,0,0,0
Spotx1376,0,0,0,0,0,0,1,0,1
Spotx1377,1,1,0,0,1,1,1,0,0
Spotx1378,1,0,0,0,0,0,1,0,1
Spotx1379,0,0,0,0,0,0,0,0,1
Spotx1380,1,1,0,0,0,0,1,0,1
Spotx1381,0,0,1,0,0,0,0,1,0
Spotx1382,1,1,0,0,1,1,1,1,1
Spotx1383,0,0,1,0,1,0,1,1,0
Spotx1384,0,1,0,0,0,1,1,0,1
Spotx1385,0,1,1,0,0,1,0,1,0
Spotx1386,0,1,1,0,0,0,1,0,0
Spotx1387,0,0,1,0,1,0,0,1,1
Spotx1388,0,0,1,1,0,0,0,1,1
Spotx1389,0,0,1,0,0,1,0,0,0
Spotx1390,0,0,0,0,0,1,0,1,0
Spotx1391,1,1,1,1,0,1,0,0,1
Spotx1392,1,1,1,0,1,1,0,0,0
Spotx1393,1,1,0,1,1,1,1,1,0
Spotx1394,1,1,0,0,0,1,1,0,1
Spotx1395,1,1,1,0,1,0,1,0,0
Spotx1396,1,0,0,1,1,0,0,0,1
Spotx1397,0,0,0,1,0,0,1,0,0
Spotx1398,1,0,0,0,0,1,1,0,0
Spotx1399,1,0,1,1,0,1,1,0,0
Spotx1400,0,0,0,1,0,0,0,1,0
Spotx1401,0,1,0,0,0,0,0,0,0
Spotx1402,1,0,0,0,1,1,1,1,1
Spotx1403,1,0,1,0,0,0,0,0,0
Spotx1404,1,0,0,0,1,0,0,1,1
Spotx1405,1,1,0,1,1,1,1,1,0
Spotx1406,0,0,0,0,0,1,0,1,0
Spotx1407,0,1,0,0,0,0,1,0,0
Spotx1408,0,0,1,0,1,0,1,1,1
Spotx1409,0,1,1,0,0,0,1,1,0
Spotx1410,0,1,0,0,0,0,0,0,0
Spotx1411,0,0,0,1,1,1,1,1,0
Spotx1412,0,1,1,1,0,0,1,0,1
Spotx1413,0,0,0,0,1,0,0,0,0
Spotx1414,1,0,0,1,0,1,0,1,1
Spotx1415,1,1,0,1,0,1,1,0,0
Spotx1416,0,0,0,0,0,1,1,1,0
Spotx1417,0,1,0,1,0,0,0,0,0
Spotx1418,0,0,0,1,1,0,1,0,0
Spotx1419,1,1,1,0,1,0,1,0,1
Spotx1420,0,0,1,0,1,1,1,0,0
Spotx1421,1,1,0,0,0,0,0,0,0
Spotx1422,0,0,0,1,1,1,1,0,0
Spotx1423,0,0,0,0,1,0,0,0,1
Spotx1424,0,0,0,0,1,1,1,1,1
Spotx1425,0,0,1,0,1,0,1,1,1
Spotx1426,0,0,0,0,0,0,1,0,1
Spotx1427,0,0,1,0,0,1,1,0,0
Spotx1428,0,0,1,0,1,0,1,0,0
Spotx1429,0,1,1,0,0,1,1,0,1
Spotx1430,1,1,1,0,0,1,1,0,0
Spotx1431,0,0,0,1,1,1,1,1,1
Spotx1432,1,0,1,1,1,0,1,0,1
Spotx1433,1,1,0,0,0,1,1,0,1
Spotx1434,1,1,0,0,1,0,0,0,1
Spotx1435,1,0,1,1,1,0,0,1,0
Spotx1436,1,1,1,1,0,0,1,0,1
Spotx1437,0,0,0,1,0,0,0,0,0
Spotx1438,1,0,0,0,0,0,1,1,1
Spotx1439,0,0,0,0,0,1,1,0,0
Spotx1440,0,1,0,0,0,1,1,0,1
Spotx1441,1,0,1,1,1,0,1,1,0
Spotx1442,0,1,1,1,1,1,0,1,1
Spotx1443,1,0,0,0,1,1,1,0,1
Spotx1444,1,1,0,1,1,0,1,0,0
Spotx1445,1,0,1,0,0,0,1,1,0
Spotx1446,0,0,0,0,0,0,1,0,0
Spotx1447,1,0,1,0,0,1,1,1,0
Spotx1448,0,1,0,1,0,0,0,0,0
Spotx1449,0,0,1,0,0,1,0,1,0
Spotx1450,0,0,0,0,1,0,1,1,1
Spotx1451,1,0,1,0,1,1,0,0,0
Spotx1452,1,1,0,0,0,1,1,1,1
Spotx1453,0,0,0,0,0,1,1,0,0
Spotx1454,1,0,0,1,0,1,0,0,0
Spotx1455,1,0,0,0,1,0,1,0,0
Spotx1456,1,0,1,1,0,1,0,0,1
Spotx1457,1,0,1,0,1,0,0,1,0
Spotx1458,0,0,0,1,0,0,0,0,0
Spotx1459,0,1,0,0,1,0,0,1,0
Spotx1460,1,0,0,0,0,0,1,1,0
Spotx1461,1,0,1,0,0,0,0,0,0
Spotx1462,1,0,0,0,0,0,0,0,1
Spotx1463,0,0,1,1,1,1,0,1,0
Spotx1464,1,0,0,0,0,1,0,0,0
Spotx1465,1,1,0,1,0,0,1,0,1
Spotx1466,0,1,1,1,0,1,0,1,1
Spotx1467,0,1,1,1,0,0,0,1,1
Spotx1468,0,0,1,0,1,1,1,1,0
Spotx1469,0,1,1,0,1,0,0,0,1
Spotx1470,1,1,1,0,0,0,0,0,0
Spotx1471,1,0,0,1,1,1,0,0,0
Spotx1472,0,0,0,0,0,0,0,1,0
Spotx1473,0,1,1,0,1,1,1,0,1
Spotx1474,0,0,0,1,0,1,1,0,0
Spotx1475,0,1,0,0,1,0,1,1,1
Spotx1476,0,0,1,1,0,1,0,1,1
Spotx1477,0,0,1,0,0,1,0,1,1
Spotx1478,0,0,0,1,1,1,0,1,0
Spotx1479,1,1,0,0,0,0,0,1,1
Spotx1480,0,0,1,0,1,0,1,1,1
Spotx1481,1,0,1,0,0,0,0,1,0
Spotx1482,0,0,0,0,1,0,0,0,0
Spotx1483,1,0,0,0,0,1,1,1,0
Spotx1484,0,0,0,1,0,1,0,0,1
Spotx1485,1,0,0,0,0,0,1,0,1
Spotx1486,1,0,0,0,0,1,1,1,1
Spotx1487,0,1,0,1,1,1,1,0,1
Spotx1488,0,0,0,0,0,1,1,1,0
Spotx1489,0,0,1,1,0,0,0,0,0
Spotx1490,0,0,1,0,0,1,0,0,0
Spotx1491,0,0,0,1,0,0,0,0,1
Spotx1492,1,1,1,0,1,1,0,0,1
Spotx1493,1,1,1,0,1,0,0,0,0
Spotx1494,1,1,1,1,1,0,1,0,1
Spotx1495,1,1,0,0,0,0,0,1,0
Spotx1496,0,0,0,0,0,0,0,1,0
Spotx1497,0,0,0,0,0,1,0,0,0
Spotx1498,0,1,1,0,1,0,0,0,1
Spotx1499,0,1,1,0,1,1,0,0,0
Spotx1500,1,0,0,1,0,0,1,0,1
Spotx1501,1,1,0,0,1,1,0,0,1
Spotx1502,0,1,1,1,1,0,1,0,1
Spotx1503,0,1,1,1,0,1,1,1,1
Spotx1504,1,0,1,1,1,1,0,1,0
Spotx1505,1,1,1,1,0,1,1,1,0
Spotx1506,0,0,1,1,0,1,0,1,0
Spotx1507,0,1,1,1,1,1,1,1,1
Spotx1508,1,0,0,0,0,1,0,0,1
Spotx1509,0,0,1,0,0,0,0,0,0
Spotx1510,0,0,0,0,0,1,0,0,0
Spotx1511,0,0,0,1,0,0,0,0,0
Spotx1512,0,0,0,0,1,1,1,0,0
Spotx1513,1,1,1,1,1,1,0,1,1
Spotx1514,0,1,1,0,0,0,1,1,0
Spotx1515,1,0,1,1,1,0,0,1,1
Spotx1516,1,0,0,1,1,0,0,1,1
Spotx1517,0,0,0,1,1,0,0,0,1
Spotx1518,1,0,1,0,0,1,1,0,0
Spotx1519,0,1,0,1,0,1,1,0,1
Spotx1520,0,0,0,0,1,1,0,0,0
Spotx1521,1,1,1,1,0,0,0,0,1
Spotx1522,1,0,1,0,0,1,1,0,1
Spotx1523,0,0,0,0,0,0,0,0,1
Spotx1524,0,1,1,1,1,0,0,1,1
Spotx1525,0,1,1,0,0,0,1,0,0
Spotx1526,1,1,1,1,0,0,0,1,1
Spotx1527,0,0,1,0,0,0,1,0,0
Spotx1528,0,0,0,1,0,0,1,0,1
Spotx1529,0,0,1,1,1,0,0,1,1
Spotx1530,0,0,0,1,0,0,0,0,0
Spotx1531,1,0,0,0,0,0,0,1,0
Spotx1532,1,0,1,0,0,1,0,0,0
Spotx1533,0,1,1,0,0,1,0,0,0
Spotx1534,1,1,0,1,0,0,1,0,0
Spotx1535,0,1,1,1,1,0,1,0,0
Spotx1536,1,0,0,1,0,1,1,1,1
Spotx1537,1,0,0,1,1,1,1,0,0
Spotx1538,0,0,0,0,0,1,0,1,0
Spotx1539,1,1,0,1,0,0,0,1,1
Spotx1540,0,0,0,1,0,0,1,0,0
Spotx1541,0,0,1,1,0,0,1,0,0
Spotx1542,0,0,0,1,0,1,1,0,0
Spotx1543,0,1,1,0,1,0,0,0,0
Spotx1544,1,1,0,0,0,0,1,0,1
Spotx1545,0,0,0,0,1,0,1,1,1
Spotx1546,0,1,0,0,1,1,1,1,0
Spotx1547,1,0,0,0,0,0,1,0,0
Spotx1548,0,0,0,0,1,0,1,0,0
Spotx1549,0,0,0,0,1,0,0,0,0
Spotx1550,0,0,0,0,0,1,1,0,0
Spotx1551,1,1,0,0,0,0,0,1,1
Spotx1552,1,1,0,1,0,0,0,1,1
Spotx1553,0,0,1,0,1,1,0,1,0
Spotx1554,0,0,0,0,1,1,0,0,1
Spotx1555,1,0,0,0,0,0,1,1,1
Spotx1556,0,0,1,1,0,0,0,0,1
Spotx1557,1,0,1,0,0,0,1,0,0
Spotx1558,0,0,1,1,1,1,0,1,1
Spotx1559,0,1,1,1,1,1,0,0,1
Spotx1560,0,0,1,0,0,1,0,0,0
Spotx1561,0,0,1,0,0,1,0,0,0
Spotx1562,0,0,0,1,0,1,0,1,1
Spotx1563,1,1,0,0,0,0,1,0,1
Spotx1564,0,0,0,1,1,1,0,0,1
Spotx1565,1,0,0,1,0,0,1,1,0
Spotx1566,0,0,0,1,0,0,0,0,0
Spotx1567,1,0,0,1,0,0,0,0,0
Spotx1568,1,0,0,0,0,0,0,1,1
Spotx1569,0,0,0,0,0,0,0,0,1
Spotx1570,1,0,0,1,1,1,1,0,1
Spotx1571,1,0,1,0,0,1,1,1,1
Spotx1572,1,1,0,0,0,0,0,0,0
Spotx1573,0,1,0,1,1,1,1,1,1
Spotx1574,0,1,1,1,0,0,0,0,1
Spotx1575,0,0,0,1,0,1,1,0,0
Spotx1576,0,1,0,0,0,0,0,0,0
Spotx1577,0,1,0,1,1,0,1,0,0
Spotx1578,1,0,0,0,0,0,0,0,0
Spotx1579,0,0,1,1,1,1,0,0,1
Spotx1580,1,1,0,0,1,1,0,0,1
Spotx1581,1,0,1,0,1,0,0,0,1
Spotx1582,1,0,1,1,1,1,1,0,1
Spotx1583,1,1,0,0,1,1,0,0,1
Spotx1584,0,0,0,0,1,0,0,0,0
Spotx1585,0,0,1,1,1,1,1,0,0
Spotx1586,0,0,0,1,0,0,0,1,0
Spotx1587,1,1,1,0,1,1,0,1,1
Spotx1588,1,1,0,0,0,0,0,1,0
Spotx1589,0,1,0,0,0,0,0,0,0
Spotx1590,0,1,0,0,0,0,0,1,0
Spotx1591,0,1,1,0,0,0,1,1,1
Spotx1592,0,0,1,1,1,0,1,0,1
Spotx1593,0,1,0,0,1,0,0,0,0
Spotx1594,1,0,0,0,0,1,0,1,0
Spotx1595,1,0,0,0,1,0,1,0,0
Spotx1596,0,1,1,0,0,0,0,0,0
Spotx1597,1,0,0,1,0,0,0,0,0
Spotx1598,0,0,0,1,0,0,0,0,0
Spotx1599,0,0,0,1,1,1,1,1,1
Spotx1600,1,0,0,0,1,0,0,0,0
Spotx1601,0,0,1,1,1,1,0,1,0
Spotx1602,0,0,0,0,1,0,0,1,0
Spotx1603,1,0,0,0,0,0,0,1,0
Spotx1604,0,0,0,0,1,0,1,1,1
Spotx1605,0,0,1,0,0,1,1,0,1
Spotx1606,1,0,1,1,1,1,1,0,0
Spotx1607,1,0,0,1,1,1,1,0,1
Spotx1608,0,1,0,0,1,0,1,0,0
Spotx1609,0,1,1,0,1,1,0,0,1
Spotx1610,0,0,1,0,0,0,1,1,0
Spotx1611,1,0,0,0,0,0,1,0,0
Spotx1612,1,1,0,1,1,0,1,0,0
Spotx1613,0,1,1,1,0,1,0,0,0
Spotx1614,0,0,1,0,1,0,0,1,0
Spotx1615,1,1,1,0,1,1,1,1,1
Spotx1616,1,1,1,1,0,0,1,1,1
Spotx1617,1,0,0,0,1,0,1,0,0
Spotx1618,0,0,0,0,1,0,1,0,0
Spotx1619,1,0,0,1,0,1,1,0,1
Spotx1620,0,0,1,0,0,1,0,1,0
Spotx1621,0,0,0,0,0,1,0,0,0
Spotx1622,0,0,1,1,0,1,1,1,1
Spotx1623,1,1,0,1,0,0,1,0,1
Spotx1624,0,0,1,0,1,0,1,1,0
Spotx1625,0,1,1,0,0,1,0,0,1
Spotx1626,1,1,1,1,0,1,1,0,1
Spotx1627,0,0,0,0,1,0,0,0,0
Spotx1628,0,0,0,1,0,1,0,0,0
Spotx1629,1,0,1,1,0,1,0,1,0
Spotx1630,0,0,0,0,1,1,0,0,0
Spotx1631,0,1,1,0,1,1,1,0,1
Spotx1632,1,1,0,1,0,1,1,0,0
Spotx1633,0,0,1,1,1,0,1,1,0
Spotx1634,1,1,1,0,1,0,1,1,0
Spotx1635,1,1,0,1,0,1,0,1,1
Spotx1636,0,0,1,0,0,0,0,0,0
Spotx1637,1,0,0,0,1,0,0,0,0
Spotx1638,1,0,1,0,1,1,0,1,0
Spotx1639,1,1,1,0,1,1,1,1,0
Spotx1640,1,1,0,0,1,0,0,0,0
Spotx1641,1,0,1,0,0,0,0,1,1
Spotx1642,0,0,0,1,1,1,1,1,1
Spotx1643,0,1,1,0,1,0,0,0,1
Spotx1644,1,1,0,1,0,0,1,0,1
Spotx1645,1,0,1,0,1,1,1,0,0
Spotx1646,0,0,1,1,0,0,0,0,0
Spotx1647,0,0,0,0,0,0,0,1,0
Spotx1648,1,0,0,1,1,0,0,0,0
Spotx1649,1,1,0,0,0,0,0,1,0
Spotx1650,1,1,0,0,0,1,1,0,0
Spotx1651,0,1,1,1,1,0,1,0,1
Spotx1652,0,0,1,0,1,0,0,0,0
Spotx1653,0,0,1,1,1,1,1,0,1
Spotx1654,1,1,0,1,0,1,1,1,0
Spotx1655,0,0,0,0,0,0,0,0,1
Spotx1656,1,1,1,1,0,1,1,1,0
Spotx1657,0,0,0,1,0,1,0,0,0
Spotx1658,1,0,0,1,0,0,0,0,1
Spotx1659,0,0,1,1,0,1,1,0,1
Spotx1660,0,0,1,1,1,0,1,0,1
Spotx1661,0,0,0,0,0,0,1,1,1
Spotx1662,0,0,0,1,0,0,1,0,1
Spotx1663,0,1,0,0,1,1,1,0,0
Spotx1664,0,0,0,1,1,0,0,0,1
Spotx1665,1,1,0,1,1,1,1,0,1
Spotx1666,1,1,1,1,0,1,0,0,0
Spotx1667,0,0,0,1,1,0,0,0,0
Spotx1668,0,0,0,0,1,0,0,1,0
Spotx1669,0,0,0,0,0,0,0,0,1
Spotx1670,0,1,0,0,1,1,0,1,0
Spotx1671,0,0,0,0,0,1,0,0,0
Spotx1672,1,0,0,0,0,0,0,0,1
Spotx1673,1,0,0,1,1,1,1,0,0
Spotx1674,0,0,0,0,0,1,1,0,1
Spotx1675,0,1,0,0,1,0,0,1,0
Spotx1676,0,0,1,1,0,1,0,0,0
Spotx1677,0,1,0,0,0,1,0,0,0
Spotx1678,0,0,1,0,0,0,0,0,1
Spotx1679,0,0,0,0,0,0,0,0,1
Spotx1680,0,1,1,0,0,0,0,0,0
Spotx1681,0,1,0,0,0,0,0,0,1
Spotx1682,1,0,0,0,1,1,0,1,1
Spotx1683,0,0,0,1,0,1,0,1,0
Spotx1684,1,0,1,1,1,1,1,1,1
Spotx1685,0,1,0,0,0,0,0,0,0
Spotx1686,0,1,0,0,1,1,0,1,0
Spotx1687,1,0,0,0,0,0,0,0,1
Spotx1688,0,0,0,0,0,0,0,1,1
Spotx1689,1,0,1,1,1,1,0,1,0
Spotx1690,0,1,0,0,1,0,1,1,1
Spotx1691,0,0,1,0,0,1,0,1,0
Spotx1692,1,0,1,1,0,0,1,1,0
Spotx1693,0,0,0,0,0,1,0,1,0
Spotx1694,0,0,0,0,0,1,0,0,0
Spotx1695,0,0,0,0,1,0,1,1,1
Spotx1696,0,1,1,1,1,1,0,0,0
Spotx1697,1,0,0,1,1,0,0,0,0
Spotx1698,1,0,1,0,0,0,0,0,0
Spotx1699,0,0,0,0,1,0,0,1,0
Spotx1700,1,0,0,0,1,0,0,0,0
Spotx1701,0,1,0,0,0,0,0,0,0
Spotx1702,0,0,0,1,0,1,0,1,0
Spotx1703,0,0,0,0,0,0,0,1,0
Spotx1704,1,0,1,0,1,0,1,1,1
Spotx1705,0,1,1,1,0,1,0,0,1
Spotx1706,1,1,0,0,1,0,0,0,1
Spotx1707,0,1,1,0,0,0,0,1,0
Spotx1708,0,0,1,1,1,0,1,1,0
Spotx1709,1,0,0,0,1,1,0,0,0
Spotx1710,1,0,0,0,0,1,1,0,1
Spotx1711,1,0,1,0,0,0,0,0,0
Spotx1712,0,0,1,0,0,0,0,0,0
Spotx1713,0,1,1,1,0,0,0,1,1
Spotx1714,1,1,1,1,1,0,1,0,1
Spotx1715,0,0,1,1,0,1,0,0,0
Spotx1716,1,0,0,0,0,0,0,1,1
Spotx1717,0,0,1,0,1,0,1,1,0
Spotx1718,1,0,1,0,0,1,0,0,0
Spotx1719,1,0,0,1,0,0,0,0,1
Spotx1720,1,0,1,0,1,1,1,0,0
Spotx1721,1,0,1,1,1,1,0,1,1
Spotx1722,0,1,0,1,1,1,1,0,1
Spotx1723,1,0,1,1,0,1,0,0,1
Spotx1724,0,0,0,1,0,0,0,0,0
Spotx1725,0,1,1,1,1,1,0,0,1
Spotx1726,0,0,1,1,1,1,1,1,0
Spotx1727,0,0,0,0,0,0,1,1,0
Spotx1728,1,1,0,1,0,1,0,1,1
Spotx1729,0,0,0,1,1,0,1,1,1
Spotx1730,1,1,0,1,1,0,0,1,0
Spotx1731,0,0,0,0,0,1,0,0,0
Spotx1732,0,0,0,1,0,0,1,0,0
Spotx1733,0,0,0,1,0,0,0,0,0
Spotx1734,1,1,0,1,0,0,1,1,1
Spotx1735,0,0,1,1,0,0,1,0,0
Spotx1736,1,1,1,0,1,0,0,1,0
Spotx1737,1,0,1,1,1,0,0,0,1
Spotx1738,0,0,1,1,0,0,0,0,1
Spotx1739,1,1,0,1,0,1,0,1,0
Spotx1740,1,1,0,0,1,0,0,0,0
Spotx1741,1,1,1,0,1,1,1,1,1
Spotx1742,1,0,0,0,1,1,1,0,1
Spotx1743,1,0,0,0,0,0,1,0,0
Spotx1744,1,0,1,1,0,1,0,0,0
Spotx1745,0,1,0,0,0,0,1,0,0
Spotx1746,1,0,0,0,1,0,1,0,0
Spotx1747,1,1,1,0,0,1,1,1,0
Spotx1748,0,0,0,0,1,0,0,1,0
Spotx1749,1,1,0,1,1,1,0,1,1
Spotx1750,0,1,0,1,0,0,0,0,0
Spotx1751,1,0,0,0,0,0,1,1,0
Spotx1752,0,1,1,0,0,0,0,1,0
Spotx1753,1,1,0,1,0,1,0,0,0
Spotx1754,0,1,1,0,0,0,0,0,0
Spotx1755,0,1,0,1,0,0,1,1,1
Spotx1756,1,1,1,0,1,0,0,0,0
Spotx1757,1,0,1,0,1,0,1,1,1
Spotx1758,1,1,1,1,0,0,1,1,0
Spotx1759,1,1,0,0,0,0,1,0,0
Spotx1760,0,1,0,0,0,0,1,0,0
Spotx1761,0,0,0,0,0,0,0,0,1
Spotx1762,0,1,0,0,0,0,0,1,0
Spotx1763,0,1,0,1,1,0,0,1,0
Spotx1764,0,1,0,0,0,0,1,1,0
Spotx1765,0,0,1,0,1,0,1,1,0
Spotx1766,0,0,0,0,0,0,1,0,1
Spotx1767,0,0,1,0,1,1,1,0,0
Spotx1768,0,1,0,0,0,0,0,1,0
Spotx1769,1,1,0,1,0,0,0,0,1
Spotx1770,0,0,0,0,0,0,0,0,1
Spotx1771,1,1,1,0,1,1,0,0,1
Spotx1772,0,0,0,1,1,0,1,1,0
Spotx1773,1,0,0,1,0,0,1,0,1
Spotx1774,0,0,1,0,1,0,0,0,0
Spotx1775,0,1,1,0,0,1,1,0,0
Spotx1776,0,1,0,0,0,0,0,1,0
Spotx1777,0,0,0,0,0,1,0,0,0
Spotx1778,1,1,0,0,0,0,0,1,1
Spotx1779,0,1,0,0,1,1,0,1,1
Spotx1780,0,1,1,0,1,0,1,0,0
Spotx1781,0,1,1,1,1,0,0,1,1
Spotx1782,0,0,0,1,0,0,1,1,0
Spotx1783,0,0,0,0,1,0,0,1,1
Spotx1784,1,1,1,1,0,1,0,0,0
Spotx1785,1,1,1,1,0,0,0,0,1
Spotx1786,1,0,0,0,0,1,0,0,0
Spotx1787,0,1,0,0,1,0,0,1,1
Spotx1788,0,0,0,0,0,0,1,0,0
Spotx1789,1,0,0,1,1,0,1,1,0
Spotx1790,0,0,0,1,0,0,1,1,1
Spotx1791,0,0,1,0,1,0,1,1,0
Spotx1792,1,0,1,1,0,0,0,0,1
Spotx1793,1,0,0,1,1,0,0,0,1
Spotx1794,0,0,0,1,0,1,1,1,1
Spotx1795,1,0,0,1,0,0,0,1,1
Spotx1796,0,1,1,1,1,1,1,0,1
Spotx1797,1,1,0,1,1,1,1,0,0
Spotx1798,1,0,0,0,0,0,0,0,0
Spotx1799,0,0,0,0,0,0,1,0,0
Spotx1800,0,1,1,1,0,0,0,0,1
Spotx1801,0,0,1,1,0,1,0,0,1
Spotx1802,0,0,0,0,0,1,0,0,0
Spotx1803,0,0,0,0,0,0,1,1,0
Spotx1804,1,1,1,0,0,1,0,1,1
Spotx1805,0,0,0,1,0,0,0,0,0
Spotx1806,0,1,0,1,1,1,1,1,1
Spotx1807,1,0,1,0,0,1,0,0,0
Spotx1808,1,0,0,0,1,1,1,1,1
Spotx1809,0,0,1,1,0,1,0,1,1
Spotx1810,0,1,0,1,1,0,0,0,0
Spotx1811,0,0,0,0,1,0,0,0,0
Spotx1812,0,0,1,0,1,0,0,0,0
Spotx1813,0,0,1,0,0,0,0,0,0
Spotx1814,0,0,0,0,0,0,1,0,1
Spotx1815,0,0,1,1,1,1,1,1,1
Spotx1816,1,1,1,1,1,0,0,0,0
Spotx1817,1,1,1,1,1,0,1,1,0
Spotx1818,0,1,1,1,1,0,0,0,1
Spotx1819,1,1,1,0,1,1,1,1,0
Spotx1820,1,0,0,0,1,1,1,0,0
Spotx1821,1,1,0,1,1,1,1,1,1
Spotx1822,1,0,1,1,1,1,0,1,0
Spotx1823,0,0,1,1,1,0,0,1,0
Spotx1824,1,0,0,1,0,0,1,0,0
Spotx1825,0,0,1,0,0,0,0,1,0
Spotx1826,0,0,0,0,1,0,0,0,0
Spotx1827,1,0,1,1,0,1,0,1,1
Spotx1828,1,1,1,0,1,0,1,0,1
Spotx1829,0,0,1,0,0,1,0,1,1
Spotx1830,0,0,1,0,0,0,0,0,0
Spotx1831,0,1,1,1,1,0,1,0,1
Spotx1832,1,0,1,0,0,0,0,0,0
Spotx1833,0,0,1,0,0,0,1,0,0
Spotx1834,1,1,1,0,1,0,0,0,1
Spotx1835,0,1,1,1,1,0,1,1,0
Spotx1836,1,0,0,1,1,1,1,0,1
Spotx1837,0,1,0,0,0,1,0,1,0
Spotx1838,1,1,1,1,0,1,0,0,0
Spotx1839,1,1,1,0,0,1,1,1,1
Spotx1840,0,0,0,0,0,0,0,1,1
Spotx1841,0,1,0,1,0,1,0,1,1
Spotx1842,0,0,0,0,0,1,0,1,0
Spotx1843,0,0,0,0,0,0,1,0,0
Spotx1844,0,0,0,1,0,1,0,0,0
Spotx1845,0,0,0,1,1,0,1,0,1
Spotx1846,1,1,0,1,0,0,1,1,0
Spotx1847,0,0,1,0,1,0,1,1,0
Spotx1848,0,0,1,1,0,1,0,1,0
Spotx1849,1,1,1,1,0,0,1,1,1
Spotx1850,1,0,0,1,0,0,0,1,0
Spotx1851,1,0,0,0,0,0,1,0,1
Spotx1852,1,1,1,0,0,0,0,0,0
Spotx1853,1,1,1,1,0,0,1,1,0
Spotx1854,0,0,1,1,1,1,0,0,0
Spotx1855,1,0,1,0,0,1,0,0,0
Spotx1856,0,0,0,1,1,1,0,1,0
Spotx1857,0,0,0,1,0,1,1,0,0
Spotx1858,0,0,0,1,1,0,1,0,0
Spotx1859,0,0,0,0,1,1,1,1,0
Spotx1860,0,0,1,0,0,1,0,1,0
Spotx1861,0,0,0,0,1,0,1,0,0
Spotx1862,0,0,1,1,1,0,1,0,0
Spotx1863,1,0,1,1,1,1,1,1,0
Spotx1864,0,1,0,0,0,1,0,0,0
Spotx1865,0,1,0,0,0,0,0,0,0
Spotx1866,0,1,1,0,1,1,0,1,0
Spotx1867,0,0,0,1,0,0,1,0,0
Spotx1868,0,0,0,0,0,1,0,1,0
Spotx1869,1,0,1,0,1,1,0,0,1
Spotx1870,1,1,1,1,0,1,0,0,1
Spotx1871,0,0,0,1,1,1,0,1,1
Spotx1872,1,0,1,1,0,0,0,1,0
Spotx1873,0,0,1,0,1,0,0,0,0
Spotx1874,1,0,0,0,0,0,1,0,0
Spotx1875,0,1,1,0,1,1,0,0,0
Spotx1876,1,1,0,0,0,0,1,1,1
Spotx1877,0,1,0,0,0,1,0,1,0
Spotx1878,0,1,0,0,0,0,0,0,1
Spotx1879,0,0,0,1,1,0,0,0,1
Spotx1880,0,0,0,1,0,0,0,1,0
Spotx1881,0,1,1,1,1,1,1,1,1
Spotx1882,0,0,0,1,1,0,1,1,0
Spotx1883,0,0,1,0,0,0,1,1,1
Spotx1884,1,1,1,1,0,0,0,1,0
Spotx1885,0,0,1,1,1,0,0,1,1
Spotx1886,0,0,0,1,0,0,0,0,1
Spotx1887,0,1,1,1,1,1,0,1,0
Spotx1888,0,0,1,1,1,1,1,1,0
Spotx1889,0,1,0,0,0,1,0,0,0
Spotx1890,0,0,0,0,1,1,0,0,1
Spotx1891,1,0,1,0,1,0,1,0,0
Spotx1892,1,0,0,1,1,0,0,1,1
Spotx1893,0,0,1,1,0,1,0,0,1
Spotx1894,0,0,1,1,1,0,0,1,1
Spotx1895,0,1,1,0,1,0,0,0,0
Spotx1896,0,1,1,0,1,0,0,1,0
Spotx1897,1,1,1,0,1,1,0,1,1
Spotx1898,1,0,0,0,0,0,1,0,1
Spotx1899,1,1,0,1,0,0,1,1,0
Spotx1900,1,0,1,1,1,1,0,1,0
Spotx1901,0,0,0,1,0,0,0,0,0
Spotx1902,1,1,1,1,1,0,1,0,0
Spotx1903,0,0,0,1,0,0,0,0,1
Spotx1904,0,1,0,0,0,0,0,1,0
Spotx1905,0,0,0,1,0,0,1,0,0
Spotx1906,1,0,0,0,1,1,0,1,1
Spotx1907,0,1,1,0,0,0,1,0,0
Spotx1908,1,0,0,1,0,0,1,1,0
Spotx1909,0,0,1,0,0,0,0,0,0
Spotx1910,1,1,1,0,1,1,0,1,1
Spotx1911,1,1,0,1,0,0,1,0,0
Spotx1912,1,1,0,0,0,0,1,1,1
Spotx1913,1,1,1,0,1,0,1,1,0
Spotx1914,1,1,0,1,0,1,0,0,0
Spotx1915,0,1,1,0,0,0,0,0,0
Spotx1916,1,0,1,1,1,0,0,1,0
Spotx1917,0,1,0,1,0,0,0,1,1
Spotx1918,1,1,1,1,0,0,0,1,0
Spotx1919,0,0,1,1,1,1,1,0,0
Spotx1920,0,0,0,1,0,0,1,0,0
Spotx1921,1,0,1,0,0,1,1,1,0
Spotx1922,0,0,0,1,0,0,0,1,1
Spotx1923,1,1,0,1,1,1,0,0,1
Spotx1924,1,1,0,1,0,0,0,1,1
Spotx1925,0,1,0,1,1,1,0,1,1
Spotx1926,0,0,0,1,0,1,0,0,1
Spotx1927,1,0,0,0,1,0,0,1,1
Spotx1928,0,1,0,0,0,0,0,0,0
Spotx1929,1,0,0,1,1,0,0,0,1
Spotx1930,0,1,0,1,1,0,0,0,1
Spotx1931,1,1,0,0,0,0,1,0,0
Spotx1932,1,1,0,0,0,0,0,0,0
Spotx1933,1,1,0,1,1,1,1,0,0
Spotx1934,1,1,1,1,1,1,1,0,0
Spotx1935,0,0,0,0,0,0,0,0,1
Spotx1936,1,0,0,0,1,0,1,0,0
Spotx1937,0,1,1,0,1,0,1,0,0
Spotx1938,0,1,0,1,1,1,1,1,1
Spotx1939,0,0,1,0,0,0,0,1,0
Spotx1940,0,0,0,0,0,0,0,1,0
Spotx1941,1,1,1,1,0,1,1,0,0
Spotx1942,0,1,0,1,1,1,1,0,1
Spotx1943,0,0,0,0,0,1,0,0,0
Spotx1944,0,1,1,0,1,1,0,1,1
Spotx1945,0,0,0,1,0,0,0,1,1
Spotx1946,0,0,0,0,0,0,1,1,1
Spotx1947,0,0,1,0,0,1,0,0,1
Spotx1948,0,0,0,0,1,0,1,0,0
Spotx1949,0,1,1,0,0,1,1,1,0
Spotx1950,0,0,1,0,1,1,0,1,0
Spotx1951,0,1,0,0,0,1,0,0,0
Spotx1952,1,0,0,1,0,1,1,1,0
Spotx1953,1,0,0,0,0,0,0,0,0
Spotx1954,0,0,1,0,0,0,0,0,0
Spotx1955,1,0,0,0,0,0,0,0,0
Spotx1956,0,0,0,1,0,0,0,0,0
Spotx1957,0,0,0,0,1,0,0,0,0
Spotx1958,0,0,0,0,1,0,0,1,0
Spotx1959,1,1,0,0,1,0,1,1,1
Spotx1960,0,0,0,0,1,0,0,0,0
Spotx1961,1,1,1,0,1,0,0,1,1
Spotx1962,1,1,1,1,1,1,1,1,1
Spotx1963,0,0,0,0,0,0,0,1,1
Spotx1964,0,0,0,0,1,1,0,0,0
Spotx1965,0,0,0,1,1,0,0,1,0
Spotx1966,1,1,1,0,0,1,1,1,1
Spotx1967,0,0,0,0,1,1,1,1,1
Spotx1968,1,1,1,1,1,1,1,0,0
Spotx1969,1,0,1,1,1,1,0,0,1
Spotx1970,0,1,0,1,0,1,0,1,0
Spotx1971,0,0,1,0,1,1,0,0,0
Spotx1972,1,0,1,0,0,0,0,0,1
Spotx1973,1,1,0,1,1,1,1,0,0
Spotx1974,0,1,0,0,1,0,0,0,1
Spotx1975,1,1,0,1,1,1,1,1,1
Spotx1976,1,0,0,0,0,0,1,0,0
Spotx1977,1,1,1,0,0,0,0,0,1
Spotx1978,0,0,0,0,1,0,0,0,0
Spotx1979,1,0,1,0,0,0,0,1,0
Spotx1980,1,0,1,1,0,0,0,1,1
Spotx1981,0,0,1,1,0,0,1,1,1
Spotx1982,1,0,0,0,0,1,0,0,0
Spotx1983,1,1,1,1,1,0,1,1,0
Spotx1984,1,1,0,0,1,0,1,1,0
Spotx1985,0,1,1,1,0,0,0,0,0
Spotx1986,0,1,1,1,1,1,0,1,1
Spotx1987,0,1,0,1,0,1,1,1,0
Spotx1988,0,1,0,1,0,0,0,0,0
Spotx1989,1,0,0,0,1,1,1,1,0
Spotx1990,0,0,0,1,0,0,1,0,0
Spotx1991,1,0,0,0,1,0,0,0,0
Spotx1992,1,1,1,0,0,1,0,0,1
Spotx1993,0,0,1,1,0,1,0,1,1
Spotx1994,1,1,0,0,0,1,1,1,1
Spotx1995,0,0,0,1,0,1,0,0,0
Spotx1996,1,0,0,0,0,0,0,1,0
Spotx1997,0,0,0,0,1,1,0,0,1
Spotx1998,0,0,0,0,0,1,0,0,0
Spotx1999,1,0,1,1,0,0,1,1,1
Spotx2000,0,0,0,0,1,0,0,1,0
Spotx2001,0,0,0,1,1,0,1,1,1
Spotx2002,0,1,1,0,1,0,1,1,1
Spotx2003,1,1,1,1,0,0,0,1,0
Spotx2004,1,1,1,0,0,1,1,1,1
Spotx2005,0,0,0,0,1,0,0,0,1
Spotx2006,0,0,0,0,0,0,0,1,0
Spotx2007,0,0,1,0,1,1,0,0,0
Spotx2008,1,1,0,0,0,0,0,0,0
Spotx2009,1,1,1,1,0,1,1,1,1
Spotx2010,0,1,1,1,0,1,0,1,0
Spotx2011,1,0,1,0,1,0,0,1,1
Spotx2012,1,1,0,1,1,0,1,0,0
Spotx2013,0,1,1,0,0,0,0,1,0
Spotx2014,1,0,1,0,1,1,0,1,1
Spotx2015,0,0,0,0,0,0,0,0,1
Spotx2016,0,0,0,1,1,0,1,1,1
Spotx2017,1,0,1,1,0,1,1,1,1
Spotx2018,1,1,0,1,0,1,1,0,1
Spotx2019,0,1,0,1,0,0,1,0,0
Spotx2020,0,0,0,0,0,0,0,1,0
Spotx2021,0,1,0,0,0,1,0,1,0
Spotx2022,1,0,0,0,0,0,1,0,0
Spotx2023,1,0,0,0,0,0,1,0,1
Spotx2024,0,0,0,1,0,0,0,0,0
Spotx2025,0,0,1,0,0,1,1,1,1
Spotx2026,1,0,1,1,1,0,0,0,1
Spotx2027,0,1,1,0,0,0,0,1,1
Spotx2028,0,1,0,1,0,1,1,0,0
Spotx2029,0,0,1,1,1,0,0,1,0
Spotx2030,0,1,0,0,1,0,1,0,0
Spotx2031,0,0,0,1,0,0,1,1,0
Spotx2032,1,0,1,1,1,0,1,0,1
Spotx2033,1,0,0,0,0,1,1,1,0
Spotx2034,0,1,0,1,1,1,0,1,0
Spotx2035,0,0,1,1,0,0,1,0,1
Spotx2036,0,1,1,1,0,1,0,1,1
Spotx2037,0,0,1,0,0,1,0,1,0
Spotx2038,1,1,0,0,1,1,1,0,1
Spotx2039,1,0,1,1,0,1,0,0,0
Spotx2040,0,0,1,0,0,0,1,0,0
Spotx2041,0,1,0,1,0,1,0,0,0
Spotx2042,0,0,1,0,0,1,0,0,0
Spotx2043,1,0,0,0,1,0,0,0,0
Spotx2044,0,1,1,1,0,0,1,0,0
Spotx2045,1,1,1,0,1,1,1,1,0
Spotx2046,0,0,0,0,0,0,1,0,0
Spotx2047,0,0,0,1,1,1,0,0,1
Spotx2048,0,1,0,0,1,0,0,0,0
Spotx2049,0,0,0,0,0,1,0,0,1
Spotx2050,1,1,0,0,0,1,1,0,1
Spotx2051,1,1,0,0,0,1,1,0,0
Spotx2052,0,1,0,0,0,1,0,1,0
Spotx2053,0,1,1,0,0,1,1,0,0
Spotx2054,1,0,1,0,1,1,0,0,0
Spotx2055,1,1,1,0,0,1,0,1,0
Spotx2056,0,1,1,1,1,1,0,1,0
Spotx2057,0,0,1,0,0,0,1,0,1
Spotx2058,0,1,1,0,0,0,1,0,1
Spotx2059,1,0,1,0,1,1,0,0,1
Spotx2060,0,1,0,1,0,0,0,1,0
Spotx2061,0,0,0,1,1,1,0,1,0
Spotx2062,1,1,0,1,1,1,1,0,0
Spotx2063,0,1,0,0,0,0,1,0,1
Spotx2064,1,0,1,0,0,1,1,0,0
Spotx2065,0,0,0,0,1,0,1,1,1
Spotx2066,0,0,0,1,0,0,0,1,0
Spotx2067,1,0,1,1,1,1,1,1,1
Spotx2068,1,1,0,0,0,0,0,0,0
Spotx2069,0,0,0,1,0,0,0,1,0
Spotx2070,0,1,1,1,0,0,0,1,1
Spotx2071,1,0,1,0,1,1,0,1,1
Spotx2072,0,0,0,0,0,1,1,0,0
Spotx2073,1,0,0,1,1,0,0,1,0
Spotx2074,1,0,1,0,0,1,1,0,1
Spotx2075,0,1,1,1,1,1,1,1,1
Spotx2076,0,1,1,0,1,0,0,0,0
Spotx2077,0,0,1,0,1,0,1,0,1
Spotx2078,1,0,1,1,1,1,0,1,1
Spotx2079,0,0,1,0,0,0,1,0,1
Spotx2080,1,0,0,0,0,0,0,0,0
Spotx2081,1,1,0,1,1,1,0,1,0
Spotx2082,1,1,0,1,0,1,0,0,0
Spotx2083,0,0,0,0,1,1,0,1,0
Spotx2084,1,1,1,0,0,0,1,0,1
Spotx2085,0,1,0,0,0,0,1,0,1
Spotx2086,0,0,0,0,0,0,1,0,0
Spotx2087,0,0,1,1,1,1,0,1,1
Spotx2088,0,1,1,0,1,1,0,0,1
Spotx2089,1,0,0,1,1,1,0,1,1
Spotx2090,0,0,0,0,0,1,0,0,0
Spotx2091,0,0,0,1,1,0,1,0,0
Spotx2092,1,0,0,1,0,0,0,1,0
Spotx2093,0,0,0,0,0,1,0,0,0
Spotx2094,0,0,0,1,0,0,0,1,0
Spotx2095,0,0,1,0,0,0,0,1,0
Spotx2096,0,0,0,0,0,1,0,0,0
Spotx2097,1,1,1,0,0,1,0,0,0
Spotx2098,0,0,0,1,0,0,0,1,0
Spotx2099,0,1,1,0,0,1,0,1,0
Spotx2100,0,0,0,0,0,0,1,0,1
Spotx2101,0,1,1,0,1,1,1,1,1
Spotx2102,0,0,1,1,1,0,1,0,0
Spotx2103,1,0,0,0,0,0,0,0,0
Spotx2104,0,1,0,1,1,0,1,1,0
Spotx2105,0,0,1,1,1,0,0,0,0
Spotx2106,0,0,1,1,1,0,0,1,1
Spotx2107,1,1,0,0,1,0,0,0,0
Spotx2108,1,1,0,0,0,0,1,1,0
Spotx2109,0,1,1,0,0,1,1,0,1
Spotx2110,1,1,0,0,0,0,1,1,1
Spotx2111,1,0,0,0,1,0,1,1,1
Spotx2112,0,1,0,0,1,1,1,1,0
Spotx2113,0,1,0,0,0,0,0,0,0
Spotx2114,0,1,1,0,0,0,0,0,1
Spotx2115,1,1,0,1,1,0,0,1,0
Spotx2116,0,1,1,0,0,1,1,1,0
Spotx2117,1,0,0,0,0,1,0,0,0
Spotx2118,0,1,1,0,0,1,0,0,0
Spotx2119,0,1,0,0,1,0,0,0,1
Spotx2120,0,0,0,0,0,1,1,0,0
Spotx2121,0,0,1,0,1,0,0,0,1
Spotx2122,0,0,0,1,0,1,0,0,0
Spotx2123,1,0,1,0,1,1,1,1,1
Spotx2124,1,0,1,1,0,0,0,1,1
Spotx2125,1,0,0,0,0,0,0,0,1
Spotx2126,1,0,0,1,1,1,1,0,1
Spotx2127,0,0,1,1,1,0,0,1,0
Spotx2128,1,0,1,1,1,1,1,0,1
Spotx2129,1,0,0,1,1,0,0,0,1
Spotx2130,0,1,1,1,0,0,0,1,0
Spotx2131,0,0,0,0,0,0,1,1,0
Spotx2132,1,0,0,0,1,0,1,0,1
Spotx2133,0,0,1,0,1,0,0,0,1
Spotx2134,0,1,0,1,1,0,1,1,0
Spotx2135,0,1,0,0,0,0,0,0,1
Spotx2136,1,0,1,0,1,0,0,0,1
Spotx2137,0,0,0,0,1,0,0,0,0
Spotx2138,0,0,0,1,1,0,0,1,1
Spotx2139,1,0,0,0,0,1,0,1,0
Spotx2140,0,0,0,1,1,0,0,0,1
Spotx2141,0,1,0,0,0,0,0,1,0
Spotx2142,1,1,1,1,1,1,1,1,0
Spotx2143,1,0,0,1,1,1,1,0,1
Spotx2144,0,1,1,1,0,1,0,1,1
Spotx2145,1,0,0,0,0,1,0,0,0
Spotx2146,0,0,0,0,0,0,0,1,1
Spotx2147,1,1,1,0,0,0,1,1,1
Spotx2148,0,0,0,1,0,1,0,1,0
Spotx2149,0,0,0,1,0,0,0,0,0
Spotx2150,1,0,0,0,1,1,1,0,0
Spotx2151,0,0,0,0,1,1,0,1,0
Spotx2152,0,1,0,0,1,1,1,0,0
Spotx2153,0,1,0,1,0,0,1,0,0
Spotx2154,0,0,1,0,0,1,1,0,0
Spotx2155,1,1,1,0,1,0,0,0,1
Spotx2156,0,0,0,1,0,0,1,0,0
Spotx2157,1,1,1,1,0,0,1,1,0
Spotx2158,1,1,0,1,1,1,0,0,0
Spotx2159,1,0,1,0,0,0,0,0,0
Spotx2160,0,0,1,0,1,0,0,0,0
Spotx2161,0,0,0,0,0,0,0,1,0
Spotx2162,0,0,0,0,1,0,1,0,0
Spotx2163,0,1,0,0,1,1,0,0,0
Spotx2164,1,0,0,1,0,1,0,1,0
Spotx2165,1,0,0,0,1,0,1,1,1
Spotx2166,0,0,0,0,0,1,0,0,0
Spotx2167,0,1,1,0,0,0,1,1,0
Spotx2168,1,0,0,0,0,0,1,0,0
Spotx2169,1,1,1,1,1,0,0,0,0
Spotx2170,0,0,0,0,1,0,0,0,1
Spotx2171,0,0,0,1,0,0,0,1,1
Spotx2172,0,1,1,1,0,0,0,0,0
Spotx2173,0,0,1,0,0,1,0,0,0
Spotx2174,1,1,1,0,0,1,0,0,1
Spotx2175,0,0,0,0,0,0,1,1,1
Spotx2176,0,0,0,0,0,1,0,0,0
Spotx2177,1,1,1,1,1,1,0,1,0
Spotx2178,1,1,0,0,1,0,0,0,1
Spotx2179,0,1,1,1,0,1,1,1,1
Spotx2180,1,0,1,1,1,1,0,1,0
Spotx2181,0,0,1,0,1,0,1,0,0
Spotx2182,1,0,0,0,1,0,0,1,1
Spotx2183,1,0,0,1,0,0,1,0,1
Spotx2184,1,0,1,1,0,0,0,0,1
Spotx2185,1,1,0,0,1,0,1,0,0
Spotx2186,0,1,0,0,1,1,0,0,0
Spotx2187,1,0,1,0,1,0,0,1,0
Spotx2188,0,0,0,0,1,1,0,0,1
Spotx2189,1,0,0,1,0,0,1,1,1
Spotx2190,1,1,0,0,1,1,1,1,1
Spotx2191,1,0,0,0,1,1,0,1,0
Spotx2192,1,1,0,0,0,1,0,0,0
Spotx2193,0,0,0,0,0,0,0,1,0
Spotx2194,0,1,0,0,1,0,0,1,0
Spotx2195,1,0,1,0,0,0,0,0,0
Spotx2196,0,1,1,0,0,1,0,0,1
Spotx2197,0,0,0,0,0,0,0,1,1
Spotx2198,1,0,0,1,0,1,1,0,0
Spotx2199,0,1,0,1,1,0,1,0,0
Spotx2200,1,0,1,0,0,1,0,1,0
Spotx2201,0,1,0,0,1,0,0,0,0
Spotx2202,1,1,0,1,0,1,0,0,0
Spotx2203,1,0,1,0,0,0,1,1,0
Spotx2204,0,0,0,0,1,1,1,1,0
Spotx2205,0,1,0,1,1,1,0,1,1
Spotx2206,0,0,0,0,0,1,1,1,1
Spotx2207,0,1,0,1,0,1,0,1,1
Spotx2208,1,0,0,0,0,0,0,1,0
Spotx2209,1,0,1,1,1,1,0,0,1
Spotx2210,1,0,1,1,1,0,1,1,0
Spotx2211,0,0,0,0,1,0,0,0,1
Spotx2212,0,1,1,1,1,1,1,0,1
Spotx2213,0,1,0,1,0,0,0,0,1
Spotx2214,0,0,0,1,1,0,0,0,0
Spotx2215,1,0,0,1,1,1,1,0,1
Spotx2216,0,0,0,0,0,1,1,0,0
Spotx2217,0,0,1,1,1,1,1,1,0
Spotx2218,1,1,1,0,1,0,1,1,1
Spotx2219,1,1,0,0,1,0,0,0,1
Spotx2220,0,0,0,0,1,1,0,1,0
Spotx2221,0,0,0,1,0,0,0,1,0
Spotx2222,1,0,0,1,1,1,0,0,1
Spotx2223,0,1,1,0,1,0,1,1,0
Spotx2224,0,0,1,1,0,1,0,0,0
Spotx2225,0,1,0,0,1,1,0,0,0
Spotx2226,0,0,1,0,0,1,1,1,1
Spotx2227,0,0,1,0,0,1,0,0,1
Spotx2228,0,0,1,0,0,1,0,1,0
Spotx2229,1,0,0,0,0,0,0,0,0
Spotx2230,0,0,0,0,0,0,1,1,0
Spotx2231,1,1,1,0,0,0,1,0,0
Spotx2232,1,1,1,0,1,1,0,1,0
Spotx2233,1,0,1,0,1,0,1,0,1
Spotx2234,1,1,1,0,1,0,1,1,0
Spotx2235,0,1,1,0,1,0,0,1,0
Spotx2236,0,0,0,1,1,1,1,0,0
Spotx2237,1,0,1,1,1,0,1,1,0
Spotx2238,1,1,1,0,1,1,0,0,1
Spotx2239,0,1,0,0,0,0,0,0,0
Spotx2240,1,1,1,0,0,0,0,1,1
Spotx2241,1,0,1,1,0,1,1,1,0
Spotx2242,0,1,1,0,1,0,1,1,1
Spotx2243,0,0,1,0,0,0,1,1,1
Spotx2244,1,1,1,0,0,0,1,1,0
Spotx2245,0,0,0,1,0,1,0,0,0
Spotx2246,0,0,1,1,1,0,0,0,0
Spotx2247,1,1,0,1,0,0,1,0,0
Spotx2248,0,0,1,1,0,1,0,0,0
Spotx2249,0,1,1,1,1,1,1,0,1
Spotx2250,1,1,1,1,0,1,1,0,1
Spotx2251,1,0,1,0,0,1,1,0,0
Spotx2252,1,0,0,0,1,1,1,1,1
Spotx2253,0,0,1,0,1,0,0,0,0
Spotx2254,1,0,1,0,0,1,1,1,1
Spotx2255,0,1,1,1,1,1,1,0,1
Spotx2256,0,0,0,1,0,0,0,0,0
Spotx2257,1,0,1,1,0,0,0,0,1
Spotx2258,0,0,0,1,1,1,0,0,1
Spotx2259,1,1,0,1,0,0,0,0,0
Spotx2260,0,0,1,0,0,0,1,1,0
Spotx2261,0,0,0,0,0,0,1,0,1
Spotx2262,0,1,0,0,1,0,0,1,0
Spotx2263,0,0,0,1,0,0,1,0,0
Spotx2264,1,1,0,1,1,1,0,0,0
Spotx2265,0,0,0,0,0,1,0,0,0
Spotx2266,0,0,0,0,0,1,1,0,0
Spotx2267,0,1,0,1,0,0,0,1,0
Spotx2268,0,0,0,1,0,1,0,0,0
Spotx2269,0,1,0,0,0,1,0,0,1
Spotx2270,0,1,0,1,1,1,0,0,0
Spotx2271,1,0,0,1,1,0,0,1,0
Spotx2272,0,0,1,0,0,1,0,1,1
Spotx2273,1,0,1,1,1,0,1,0,1
Spotx2274,1,1,1,1,1,1,1,0,1
Spotx2275,1,1,0,1,1,1,0,1,1
Spotx2276,0,0,1,0,0,0,0,0,1
Spotx2277,0,0,0,1,1,0,1,1,0
Spotx2278,1,0,0,1,1,1,1,1,0
Spotx2279,1,1,0,1,0,1,0,0,0
Spotx2280,1,0,0,0,1,1,0,0,0
Spotx2281,1,1,1,1,1,0,1,1,0
Spotx2282,0,0,0,1,0,1,0,0,1
Spotx2283,0,1,1,1,0,0,0,0,0
Spotx2284,0,1,1,1,0,1,0,1,0
Spotx2285,0,0,1,0,0,1,1,1,1
Spotx2286,0,1,0,0,0,0,1,1,1
Spotx2287,0,1,1,1,0,0,1,1,0
Spotx2288,0,0,1,1,1,1,1,1,1
Spotx2289,0,0,0,0,0,0,1,0,1
Spotx2290,0,0,0,0,0,0,0,0,1
Spotx2291,0,1,1,1,0,0,0,0,0
Spotx2292,1,0,1,0,1,0,0,0,1
Spotx2293,1,0,0,1,1,1,1,1,1
Spotx2294,0,0,0,1,0,1,1,0,1
Spotx2295,1,1,1,0,0,0,0,0,1
Spotx2296,0,0,1,1,1,1,0,1,1
Spotx2297,1,0,0,0,1,0,0,1,0
Spotx2298,0,0,0,0,1,1,0,0,1
Spotx2299,0,1,0,0,1,0,1,0,0
Spotx2300,0,1,1,1,0,0,1,1,0
Spotx2301,0,0,1,1,0,0,0,0,0
Spotx2302,0,1,0,0,0,1,0,0,0
Spotx2303,1,1,1,1,0,1,0,1,1
Spotx2304,0,0,1,1,1,0,1,0,1
Spotx2305,0,1,0,0,0,1,1,1,1
Spotx2306,0,0,0,0,0,0,0,1,0
Spotx2307,1,0,0,0,1,0,0,1,0
Spotx2308,1,0,0,0,0,0,1,0,0
Spotx2309,0,1,0,0,0,0,0,0,0
Spotx2310,1,0,0,0,0,0,1,0,0
Spotx2311,1,1,0,0,1,0,0,0,1
Spotx2312,1,1,1,0,1,1,1,0,0
Spotx2313,1,0,1,1,1,0,1,1,1
Spotx2314,0,0,0,0,0,0,1,0,1
Spotx2315,0,0,0,0,0,1,0,0,0
Spotx2316,1,0,1,0,0,0,1,1,0
Spotx2317,1,1,1,1,1,0,1,1,1
Spotx2318,1,0,1,0,1,1,1,1,1
Spotx2319,0,0,0,1,1,0,0,1,0
Spotx2320,0,0,1,1,0,0,1,0,0
Spotx2321,0,1,0,1,1,0,0,0,0
Spotx2322,1,1,0,1,1,0,0,1,1
Spotx2323,0,0,0,0,1,0,0,0,0
Spotx2324,1,1,0,1,1,0,1,0,1
Spotx2325,1,0,0,1,0,1,0,1,1
Spotx2326,1,0,1,1,0,0,0,0,0
Spotx2327,0,1,0,0,1,0,0,0,0
Spotx2328,1,0,0,1,0,1,1,1,1
Spotx2329,1,0,0,0,0,0,1,0,0
Spotx2330,0,0,0,0,1,0,0,0,1
Spotx2331,1,1,0,0,1,1,0,0,0
Spotx2332,0,1,0,0,1,0,0,0,1
Spotx2333,0,0,0,0,0,0,1,1,0
Spotx2334,1,0,0,0,0,0,0,0,0
Spotx2335,0,1,1,1,1,1,1,1,1
Spotx2336,1,0,0,0,1,1,1,1,0
Spotx2337,1,0,1,0,0,0,0,1,0
Spotx2338,1,0,1,0,1,1,0,0,0
Spotx2339,1,0,0,1,0,1,0,0,0
Spotx2340,1,0,0,0,1,1,1,0,0
Spotx2341,0,0,0,1,1,0,0,0,0
Spotx2342,0,1,1,0,1,0,1,1,0
Spotx2343,0,1,1,1,0,0,0,0,1
Spotx2344,0,1,1,0,0,1,0,1,0
Spotx2345,1,1,1,0,1,0,0,1,0
Spotx2346,0,0,0,0,0,0,1,0,0
Spotx2347,0,0,1,0,0,1,0,1,0
Spotx2348,0,1,1,1,0,0,0,1,1
Spotx2349,0,0,1,0,0,1,0,0,0
Spotx2350,1,1,1,1,1,1,0,1,1
Spotx2351,0,0,1,0,0,0,1,0,0
Spotx2352,1,1,0,1,0,0,1,1,0
Spotx2353,1,0,1,0,0,1,1,0,1
Spotx2354,0,0,0,0,0,1,0,0,0
Spotx2355,1,1,1,1,0,0,0,0,1
Spotx2356,0,1,0,0,0,0,0,0,0
Spotx2357,1,0,0,1,0,0,0,1,0
Spotx2358,1,1,1,0,0,0,0,0,0
Spotx2359,1,0,0,0,1,0,0,0,1
Spotx2360,0,1,0,0,0,0,0,0,0
Spotx2361,0,0,1,0,0,0,1,0,0
Spotx2362,1,0,0,0,0,1,0,0,0
Spotx2363,1,1,0,1,0,0,1,0,0
Spotx2364,0,0,1,0,0,1,0,1,0
Spotx2365,0,1,1,0,1,0,0,0,0
Spotx2366,0,0,1,0,0,0,0,0,0
Spotx2367,1,1,0,0,0,1,1,0,0
Spotx2368,1,0,1,1,0,0,1,0,0
Spotx2369,0,0,0,0,0,1,0,0,0
Spotx2370,0,0,1,0,0,0,1,0,0
Spotx2371,1,1,0,0,0,0,1,1,0
Spotx2372,0,0,0,1,1,1,1,1,1
Spotx2373,0,0,0,1,1,1,0,0,0
Spotx2374,0,0,1,0,0,0,0,0,0
Spotx2375,0,1,0,1,1,0,0,1,0
Spotx2376,1,1,0,1,0,1,0,1,0
Spotx2377,1,1,1,1,1,0,1,1,1
Spotx2378,1,0,1,0,1,1,0,0,0
Spotx2379,1,0,0,0,0,0,0,0,0
Spotx2380,0,1,1,1,0,0,1,1,0
Spotx2381,0,1,1,0,1,1,1,1,1
Spotx2382,1,1,1,0,0,0,1,1,1
Spotx2383,0,1,1,0,1,0,0,1,0
Spotx2384,0,1,1,0,0,0,0,0,0
Spotx2385,0,0,0,1,0,1,0,0,0
Spotx2386,1,1,1,1,0,0,0,1,1
Spotx2387,1,1,0,1,0,1,1,1,1
Spotx2388,1,0,1,0,0,0,1,0,0
Spotx2389,0,0,1,0,0,0,1,0,1
Spotx2390,0,1,1,0,1,0,0,1,0
Spotx2391,0,1,1,0,0,1,0,0,0
Spotx2392,0,0,1,1,1,1,0,1,1
Spotx2393,0,0,0,1,0,0,0,1,0
Spotx2394,0,0,1,0,1,0,0,0,0
Spotx2395,0,0,0,0,0,0,0,1,0
Spotx2396,1,0,1,1,0,1,0,0,0
Spotx2397,0,0,1,0,0,1,0,1,1
Spotx2398,0,1,0,0,0,0,0,0,1
Spotx2399,0,0,0,0,0,1,0,0,0
Spotx2400,1,0,0,1,1,0,1,0,0
Spotx2401,0,0,1,0,1,0,1,0,1
Spotx2402,1,0,0,1,0,1,0,0,1
Spotx2403,1,0,0,0,0,0,0,0,1
Spotx2404,0,0,0,1,1,0,0,1,0
Spotx2405,0,0,0,1,0,0,0,0,1
Spotx2406,0,1,1,0,1,1,0,0,1
Spotx2407,1,0,1,0,0,1,1,0,0
Spotx2408,1,0,0,0,1,0,0,1,0
Spotx2409,1,1,1,1,1,1,0,1,1
Spotx2410,1,1,1,1,1,1,1,0,1
Spotx2411,1,1,0,1,0,0,0,0,0
Spotx2412,0,0,0,0,0,0,0,1,0
Spotx2413,1,0,0,0,1,0,1,0,1
Spotx2414,1,0,1,1,0,1,0,0,0
Spotx2415,0,0,0,0,0,0,0,0,1
Spotx2416,1,0,0,0,1,0,1,0,1
Spotx2417,0,1,0,1,0,1,1,1,0
Spotx2418,0,0,0,1,0,0,0,1,0
Spotx2419,0,0,0,0,0,0,0,0,1
Spotx2420,0,0,1,0,1,0,0,1,1
Spotx2421,0,0,0,1,1,0,0,0,1
Spotx2422,0,1,1,0,0,0,0,0,0
Spotx2423,1,1,1,1,1,1,1,1,0
Spotx2424,1,1,1,1,0,0,1,1,1
Spotx2425,0,1,0,1,1,0,0,1,1
Spotx2426,0,0,0,0,1,1,0,1,0
Spotx2427,0,0,0,1,1,0,0,1,0
Spotx2428,1,0,0,0,1,0,0,1,1
Spotx2429,0,0,0,1,0,0,0,0,0
Spotx2430,1,1,1,0,1,0,1,1,0
Spotx2431,1,1,1,0,1,0,0,0,1
Spotx2432,0,0,0,0,1,1,1,0,0
Spotx2433,0,0,0,0,0,0,0,1,0
Spotx2434,0,1,0,1,1,1,0,0,0
Spotx2435,1,0,1,0,0,1,1,1,1
Spotx2436,0,0,1,0,0,0,0,1,0
Spotx2437,1,1,0,0,0,0,0,1,0
Spotx2438,0,0,0,1,0,0,0,1,0
Spotx2439,1,1,1,1,0,1,1,1,1
Spotx2440,1,0,1,0,1,1,0,1,0
Spotx2441,0,0,1,1,1,1,0,1,1
Spotx2442,0,0,0,0,0,0,0,1,1
Spotx2443,1,1,1,1,1,1,0,1,0
Spotx2444,0,1,0,0,1,1,0,0,0
Spotx2445,1,0,1,1,1,0,0,0,1
Spotx2446,1,0,1,1,1,1,0,0,0
Spotx2447,0,0,0,0,0,0,0,1,1
Spotx2448,1,0,0,0,0,0,1,0,0
Spotx2449,1,0,0,0,0,1,1,1,1
Spotx2450,1,1,0,0,1,1,0,1,1
